Fecha;Aceites lubricantes;Asfalto;Bunker;Ceras;Combustible turbo jet;Diesel bajo azufre;Diesel ultra bajo azufre;Gas licuado de petróleo;Gasolina de aviación;Gasolina regular;Gasolina superior;Grasas lubricantes;Kerosina;"Mezclas
oleosas";Naftas;PetCoke;Petróleo crudo;Solventes;Butano;Diesel alto azufre;Orimulsión;Total
ene/2000;0.00;48446.00;296766.99;0.00;0.00;0.00;0.00;194410.48;1426.00;202645.20;308156.82;0.00;64026.09;0.00;0.00;0.00;0.00;0.00;0.00;634667.06;0.00;1750544.64
feb/2000;0.00;50597.00;328116.44;0.00;0.00;0.00;0.00;174710.55;1458.00;205530.96;307766.31;0.00;62660.30;0.00;0.00;0.00;0.00;0.00;0.00;642380.66;0.00;1773220.22
mar/2000;0.00;27593.00;368589.63;0.00;0.00;0.00;0.00;189234.07;1503.00;229499.56;331910.29;0.00;61361.99;0.00;0.00;0.00;0.00;0.00;0.00;699807.25;0.00;1909498.79
abr/2000;0.00;53794.00;396300.47;0.00;0.00;0.00;0.00;174330.61;1561.00;210680.40;315648.08;0.00;61814.32;0.00;0.00;0.00;0.00;0.00;0.00;586803.98;0.00;1800932.86
may/2000;0.00;60137.00;449368.92;0.00;0.00;0.00;0.00;191745.15;1642.00;208164.34;319667.97;0.00;54098.32;0.00;0.00;0.00;0.00;0.00;0.00;656948.20;0.00;1941771.90
jun/2000;0.00;40623.00;404033.69;0.00;0.00;0.00;0.00;196321.93;1641.00;195088.74;300347.70;0.00;60390.32;0.00;0.00;0.00;0.00;0.00;0.00;570919.88;0.00;1769366.26
jul/2000;0.00;36670.00;291436.20;0.00;0.00;0.00;0.00;192344.50;1598.00;204556.77;308305.93;0.00;61931.56;0.00;0.00;0.00;0.00;0.00;0.00;576436.02;0.00;1673278.98
ago/2000;0.00;25033.00;373811.63;0.00;0.00;0.00;0.00;203727.08;1438.00;218388.51;323011.86;0.00;70821.94;0.00;0.00;0.00;0.00;0.00;0.00;593770.77;0.00;1810002.79
sep/2000;0.00;16906.00;322718.89;0.00;0.00;0.00;0.00;194565.10;1469.00;213906.96;326455.72;0.00;58960.01;0.00;0.00;0.00;0.00;0.00;0.00;590145.40;0.00;1725127.08
oct/2000;0.00;22070.00;260955.42;0.00;0.00;0.00;0.00;210261.83;1475.00;213606.65;323843.63;0.00;63794.12;0.00;0.00;0.00;0.00;0.00;0.00;641113.36;0.00;1737120.01
nov/2000;0.00;25659.00;310274.26;0.00;0.00;0.00;0.00;205027.95;1498.00;209227.48;320788.08;0.00;65733.00;0.00;0.00;0.00;0.00;0.00;0.00;657086.30;0.00;1795294.07
dic/2000;0.00;20430.00;284045.83;0.00;0.00;0.00;0.00;200247.56;1501.00;230020.70;366987.56;0.00;68848.50;0.00;0.00;0.00;0.00;0.00;0.00;673282.26;0.00;1845363.41
ene/2001;0.00;30002.22;399107.63;0.00;0.00;0.00;0.00;179405.99;1755.58;164547.35;300242.78;0.00;69691.25;0.00;0.00;0.00;0.00;0.00;0.00;569328.79;0.00;1714081.59
feb/2001;0.00;34407.57;404897.00;0.00;0.00;0.00;0.00;167818.14;1510.58;174838.81;301483.40;0.00;56326.42;0.00;0.00;0.00;0.00;0.00;0.00;597749.83;0.00;1739031.76
mar/2001;0.00;32274.68;406269.28;0.00;0.00;0.00;0.00;186397.33;1602.58;201992.65;355572.83;0.00;68208.99;0.00;0.00;0.00;0.00;0.00;0.00;736085.97;0.00;1988404.31
abr/2001;0.00;26986.96;397689.22;0.00;0.00;0.00;0.00;175820.35;1355.58;198683.39;355826.76;0.00;66697.90;0.00;0.00;0.00;0.00;0.00;0.00;606257.66;0.00;1829317.82
may/2001;0.00;29776.72;494837.73;0.00;0.00;0.00;0.00;178303.33;1273.58;182504.09;336040.04;0.00;61641.63;0.00;0.00;0.00;0.00;0.00;0.00;664082.66;0.00;1948459.78
jun/2001;0.00;26759.22;385382.02;0.00;0.00;0.00;0.00;177826.93;1171.58;201379.48;308804.70;0.00;57796.09;0.00;0.00;0.00;0.00;0.00;0.00;559333.03;0.00;1718453.05
jul/2001;0.00;24312.29;482085.37;0.00;0.00;0.00;0.00;191041.99;1637.58;214980.24;350501.97;0.00;67033.45;0.00;0.00;0.00;0.00;0.00;0.00;589452.73;0.00;1921045.63
ago/2001;0.00;25226.00;470955.27;0.00;0.00;0.00;0.00;190295.99;1412.58;204646.77;348414.65;0.00;64093.29;0.00;0.00;0.00;0.00;0.00;0.00;568546.37;0.00;1873590.93
sep/2001;0.00;20603.10;387235.78;0.00;0.00;0.00;0.00;184039.99;1710.58;188292.35;324393.96;0.00;51773.04;0.00;0.00;0.00;0.00;0.00;0.00;533108.39;0.00;1691157.20
oct/2001;0.00;29817.10;412617.56;0.00;0.00;0.00;0.00;206176.99;1102.58;225240.95;366261.63;0.00;56193.31;0.00;0.00;0.00;0.00;0.00;0.00;603371.18;0.00;1900781.31
nov/2001;0.00;22299.10;606966.56;0.00;0.00;0.00;0.00;201335.99;1791.58;210324.95;351890.63;0.00;53500.31;0.00;0.00;0.00;0.00;0.00;0.00;626156.18;0.00;2074265.31
dic/2001;0.00;19283.10;402835.56;0.00;0.00;0.00;0.00;209792.99;979.58;223209.95;403561.63;0.00;60508.31;0.00;0.00;0.00;0.00;0.00;0.00;664190.18;0.00;1984361.31
ene/2002;0.00;16971.66;512580.55;0.00;0.00;0.00;0.00;196068.61;1722.92;200309.85;368935.53;0.00;51969.77;0.00;0.00;0.00;37593.98;0.00;0.00;726672.60;0.00;2112825.45
feb/2002;0.00;22834.54;506069.63;0.00;0.00;0.00;0.00;180209.80;923.92;183119.34;348917.79;0.00;42796.92;0.00;0.00;0.00;85710.75;0.00;0.00;694344.78;0.00;2064927.45
mar/2002;0.00;22891.19;446878.07;0.00;0.00;0.00;0.00;186680.97;1082.92;212711.71;385044.97;0.00;53352.86;0.00;0.00;0.00;64873.73;0.00;0.00;656379.29;0.00;2029895.69
abr/2002;0.00;35584.54;450736.26;0.00;0.00;0.00;0.00;196167.16;1295.92;204765.62;379741.98;0.00;51056.14;0.00;0.00;0.00;40923.47;0.00;0.00;683646.17;0.00;2043917.24
may/2002;0.00;27945.59;539547.91;0.00;0.00;0.00;0.00;201612.36;1671.92;201083.51;375054.64;0.00;52716.55;0.00;0.00;0.00;62407.67;0.00;0.00;707165.47;0.00;2169205.60
jun/2002;0.00;20228.04;456986.27;0.00;0.00;0.00;0.00;193024.40;638.92;187629.42;371138.59;0.00;50501.35;0.00;0.00;0.00;22963.62;0.00;0.00;667820.71;0.00;1970931.30
jul/2002;0.00;14042.27;492323.44;0.00;0.00;0.00;0.00;204196.24;2062.92;201692.64;399944.65;0.00;55179.82;0.00;0.00;0.00;48749.90;0.00;0.00;656761.60;0.00;2074953.47
ago/2002;0.00;13715.92;429935.51;0.00;0.00;0.00;0.00;213625.43;1825.92;205240.77;392355.62;0.00;51119.79;0.00;0.00;0.00;13351.58;0.00;0.00;657099.74;0.00;1978270.27
sep/2002;0.00;13512.87;381600.34;0.00;0.00;0.00;0.00;209849.76;1416.92;177614.80;347191.44;0.00;46923.97;0.00;0.00;0.00;49713.58;0.00;0.00;653664.60;0.00;1881488.26
oct/2002;0.00;10066.27;320349.21;0.00;0.00;0.00;0.00;212932.33;1834.92;203097.24;381595.20;0.00;61834.38;0.00;0.00;0.00;40876.58;0.00;0.00;653053.27;0.00;1885639.38
nov/2002;0.00;16772.08;438764.90;0.00;0.00;0.00;0.00;210000.55;1552.92;207629.81;384334.22;0.00;50783.20;0.00;0.00;0.00;43455.58;0.00;0.00;671401.33;0.00;2024694.57
dic/2002;0.00;13946.07;490960.95;0.00;0.00;0.00;0.00;223830.40;1397.92;199619.27;400645.42;0.00;55123.28;0.00;0.00;0.00;52341.58;0.00;0.00;676192.45;0.00;2114057.32
ene/2003;0.00;19127.77;459765.40;0.00;0.00;0.00;0.00;213268.98;2009.00;193713.62;376516.58;0.00;55260.55;0.00;0.00;0.00;23392.00;0.00;0.00;769843.30;0.00;2112897.20
feb/2003;0.00;34700.38;377181.42;0.00;0.00;0.00;0.00;206815.01;1166.00;184354.61;355760.81;0.00;45243.65;0.00;0.00;0.00;61772.00;0.00;0.00;709783.58;0.00;1976777.46
mar/2003;0.00;56138.58;516535.35;0.00;0.00;0.00;0.00;216427.95;2039.00;201443.37;361880.87;0.00;51161.05;0.00;0.00;0.00;94892.00;0.00;0.00;786484.49;0.00;2287002.66
abr/2003;0.00;47408.44;502634.98;0.00;0.00;0.00;0.00;204403.51;1469.00;219004.31;377395.17;0.00;50488.24;0.00;0.00;0.00;36935.00;0.00;0.00;709626.39;0.00;2149365.04
may/2003;0.00;49995.62;565746.99;0.00;0.00;0.00;0.00;216452.75;1387.00;200407.18;390624.27;0.00;50951.19;0.00;0.00;0.00;106406.00;0.00;0.00;755982.05;0.00;2337953.05
jun/2003;0.00;37720.89;410520.40;0.00;0.00;0.00;0.00;212069.04;1309.00;168327.72;346941.84;0.00;50662.66;0.00;0.00;0.00;61528.00;0.00;0.00;641540.08;0.00;1930619.63
jul/2003;0.00;38616.19;438350.49;0.00;0.00;0.00;0.00;231172.01;1662.00;174317.57;377178.84;0.00;59604.95;0.00;0.00;0.00;57764.00;0.00;0.00;631704.12;0.00;2010370.17
ago/2003;0.00;35878.39;464485.57;0.00;0.00;0.00;0.00;222312.71;1152.00;171665.05;355682.72;0.00;54601.10;0.00;0.00;0.00;40642.00;0.00;0.00;613428.55;0.00;1959848.09
sep/2003;0.00;41167.35;357778.24;0.00;0.00;0.00;0.00;225703.05;1617.00;174757.95;348659.02;0.00;52876.98;0.00;0.00;0.00;61611.60;0.00;0.00;582989.47;0.00;1847160.66
oct/2003;0.00;32848.56;614187.67;0.00;0.00;0.00;0.00;239665.04;1115.00;209314.45;392041.78;0.00;54999.76;0.00;0.00;0.00;52466.00;0.00;0.00;722763.60;0.00;2319401.86
nov/2003;0.00;38513.22;697861.80;0.00;0.00;0.00;0.00;229612.35;612.00;168510.00;330640.23;0.00;56216.77;0.00;0.00;0.00;65943.03;0.00;0.00;639828.39;0.00;2227737.79
dic/2003;0.00;31050.77;340583.67;0.00;0.00;0.00;0.00;247544.64;903.00;196081.99;391327.66;0.00;61415.10;0.00;0.00;0.00;58499.66;0.00;0.00;652872.45;0.00;1980278.94
ene/2004;0.00;31681.40;430693.77;0.00;0.00;0.00;0.00;235284.97;1295.00;203975.57;381547.72;0.00;54764.80;0.00;0.00;83419.99;87146.00;0.00;0.00;656987.40;0.00;2166796.61
feb/2004;0.00;34556.73;381997.15;0.00;0.00;0.00;0.00;213288.68;2734.00;180290.24;339576.46;0.00;50279.30;0.00;0.00;40040.00;74043.00;0.00;0.00;659540.43;48278.00;2024623.99
mar/2004;0.00;39057.06;426729.00;0.00;0.00;0.00;0.00;233426.35;1238.00;206455.62;379687.46;0.00;57919.10;0.00;0.00;47740.00;59087.00;0.00;0.00;746236.84;113372.00;2310948.43
abr/2004;0.00;41073.00;368839.70;0.00;0.00;0.00;0.00;217530.88;1124.00;182379.92;357595.81;0.00;59607.60;0.00;0.00;63398.50;34697.00;0.00;0.00;633766.06;146362.00;2106374.47
may/2004;0.00;31988.71;400866.77;0.00;0.00;0.00;0.00;225959.05;968.00;160741.90;322596.73;0.00;60199.10;0.00;0.00;79761.00;52403.00;0.00;0.00;556369.70;176927.00;2068780.96
jun/2004;0.00;45451.10;335267.91;0.00;0.00;0.00;0.00;225673.46;776.00;164782.50;318811.50;0.00;55658.60;0.00;0.00;67864.50;60590.00;0.00;0.00;560393.48;161297.00;1996566.05
jul/2004;0.00;29127.74;320546.15;0.00;0.00;0.00;0.00;243064.07;1725.00;182642.41;346413.66;0.00;68394.80;0.00;0.00;68343.00;39999.00;0.00;0.00;583098.55;176388.00;2059742.38
ago/2004;0.00;30990.92;333848.59;0.00;0.00;0.00;0.00;236324.77;759.00;207432.80;390304.28;0.00;62772.70;0.00;0.00;64845.00;40389.00;0.00;0.00;699610.80;184302.00;2251579.86
sep/2004;0.00;24259.26;376693.43;0.00;0.00;0.00;0.00;225204.18;1418.00;194240.55;364689.84;0.00;53387.80;0.00;0.00;0.00;26770.00;0.00;0.00;612639.57;174244.00;2053546.63
oct/2004;0.00;18477.29;323360.76;0.00;0.00;0.00;0.00;229626.06;1886.00;200323.53;380441.55;0.00;59383.30;0.00;0.00;130845.00;40583.00;0.00;0.00;619084.79;171384.00;2175395.28
nov/2004;0.00;18502.20;328267.45;0.00;0.00;0.00;0.00;225593.82;1435.00;214509.65;378498.60;0.00;56250.20;0.00;0.00;69437.50;37413.09;0.00;0.00;705298.16;158324.00;2193529.67
dic/2004;0.00;14061.36;289338.80;0.00;0.00;0.00;0.00;241915.01;1419.00;236733.03;429109.10;0.00;63695.80;0.00;0.00;79546.50;43894.00;0.00;0.00;761864.30;180450.00;2342026.90
ene/2005;0.00;17015.36;260522.63;0.00;48943.20;0.00;0.00;227154.97;1497.00;209901.60;321382.14;0.00;10015.10;0.00;0.00;98428.00;31108.09;0.00;0.00;724692.36;148655.00;2099315.45
feb/2005;0.00;29448.99;280847.96;0.00;39285.80;0.00;0.00;211814.38;1705.00;198775.61;375768.83;0.00;9557.40;0.00;0.00;64718.50;43384.28;0.00;0.00;717116.77;152244.00;2124667.52
mar/2005;0.00;38075.98;404657.12;0.00;48358.60;0.00;0.00;224387.03;1282.00;231358.58;410241.93;0.00;9416.30;0.00;0.00;92735.50;32149.00;0.00;0.00;802139.58;168846.00;2463647.62
abr/2005;0.00;40602.97;387064.14;0.00;39340.90;0.00;0.00;218555.21;917.00;225644.89;389737.16;0.00;5506.20;0.00;0.00;131785.50;47388.00;0.00;0.00;803996.93;182433.00;2472971.90
may/2005;0.00;40536.60;506432.44;0.00;36827.20;0.00;0.00;230568.15;1335.00;187048.26;343762.52;0.00;6820.90;0.00;0.00;129277.50;55515.00;0.00;0.00;715360.44;167907.00;2421391.01
jun/2005;0.00;39064.02;562186.30;0.00;44188.10;0.00;0.00;223151.26;1412.00;202161.79;351906.82;0.00;8013.70;0.00;0.00;69657.50;55190.00;0.00;0.00;681743.36;166798.00;2405472.85
jul/2005;0.00;34049.77;334178.36;0.00;50690.50;0.00;0.00;236140.08;1678.00;213821.77;389172.65;0.00;5335.40;0.00;0.00;64702.00;50986.00;0.00;0.00;678614.47;122064.00;2181433.00
ago/2005;0.00;29237.36;305370.13;0.00;47309.30;0.00;0.00;242734.74;1106.00;212696.38;396871.12;0.00;8509.90;0.00;0.00;86713.00;61600.00;0.00;0.00;693681.13;158944.00;2244773.06
sep/2005;0.00;26273.57;238571.81;0.00;40131.20;0.00;0.00;223283.87;1309.00;196776.87;378887.62;0.00;5904.70;0.00;0.00;87345.50;11689.00;0.00;0.00;666258.37;103761.00;1980192.51
oct/2005;0.00;5405.34;230464.40;0.00;49322.50;0.00;0.00;213139.58;996.00;192270.24;328052.56;0.00;7862.90;0.00;0.00;84210.50;7770.00;0.00;0.00;589830.24;91025.00;1800349.26
nov/2005;0.00;13712.31;302297.60;0.00;23955.90;0.00;0.00;222988.53;1624.00;185251.12;360869.14;0.00;7266.30;0.00;0.00;77429.00;35384.00;0.00;0.00;701255.47;183012.00;2115045.37
dic/2005;0.00;25971.31;285933.09;0.00;50005.00;0.00;0.00;225410.43;1457.00;241035.13;448688.52;0.00;8298.30;0.00;0.00;99434.50;51257.00;0.00;0.00;775027.20;163364.00;2375881.48
ene/2006;0.00;26454.21;271228.13;0.00;45851.00;0.00;0.00;217867.31;1307.00;211152.72;382078.88;0.00;7111.60;0.00;0.00;98549.00;38294.00;0.00;0.00;750946.36;163706.00;2214546.21
feb/2006;0.00;33494.00;228414.98;0.00;43198.90;0.00;0.00;212328.61;1735.00;200551.40;367944.25;0.00;6390.90;0.00;0.00;101057.00;43150.00;0.00;0.00;734530.76;152377.00;2125172.80
mar/2006;0.00;48745.00;338067.89;0.00;45311.90;0.00;0.00;232405.36;1585.00;233082.86;427567.58;0.00;7416.60;0.00;0.00;82582.50;29621.00;0.00;0.00;875047.29;151247.00;2472679.98
abr/2006;0.00;36478.00;445994.72;0.00;44322.20;0.00;0.00;207612.27;1497.00;223479.45;392050.29;0.00;8600.50;0.00;0.00;89331.00;59859.00;0.00;0.00;711185.23;29039.00;2249448.66
may/2006;0.00;40882.00;628053.53;0.00;44047.10;0.00;0.00;232489.83;1400.00;222710.90;379832.55;0.00;6151.30;0.00;0.00;96222.50;29498.00;0.00;0.00;734289.15;0.00;2415576.86
jun/2006;0.00;22806.00;399380.67;0.00;42531.90;0.00;0.00;236563.83;1362.00;196511.22;364359.35;0.00;3720.30;0.00;0.00;101684.00;30854.00;0.00;0.00;672428.87;0.00;2072202.14
jul/2006;0.00;34461.58;408695.20;0.00;43381.80;0.00;0.00;239767.85;1552.00;210255.70;392252.91;0.00;6128.60;0.00;0.00;97361.00;59117.27;0.00;0.00;684438.70;0.00;2177412.61
ago/2006;0.00;29068.07;412953.69;0.00;44489.50;0.00;0.00;245672.02;1942.00;211202.14;394585.28;0.00;7918.70;0.00;0.00;89875.50;42171.03;0.00;0.00;707219.69;1471.00;2188568.62
sep/2006;0.00;22311.30;283514.35;0.00;37449.20;0.00;0.00;256040.10;1576.00;204369.99;382724.97;0.00;6691.20;0.00;0.00;111782.00;39823.10;0.00;0.00;650791.38;0.00;1997073.59
oct/2006;0.00;25204.67;464238.85;0.00;37891.80;0.00;0.00;238514.63;1845.00;203061.39;400793.81;0.00;7884.20;0.00;0.00;48735.50;28499.79;0.00;0.00;683543.13;0.00;2140212.77
nov/2006;0.00;36772.97;523491.30;0.00;40998.50;0.00;0.00;228417.44;1618.91;205541.91;401922.57;0.00;7669.50;0.00;0.00;109186.00;21777.27;0.00;0.00;739181.99;0.00;2316578.36
dic/2006;0.00;27047.99;384849.54;0.00;51753.60;0.00;0.00;236333.11;1959.00;233936.83;454373.13;0.00;9049.50;0.00;0.00;110896.50;34342.70;0.00;0.00;776330.26;0.00;2320872.16
ene/2007;0.00;36112.06;481365.90;0.00;47659.20;0.00;0.00;217344.66;1657.00;216560.79;418412.86;0.00;9659.80;0.00;0.00;118327.00;55217.79;0.00;0.00;810372.66;0.00;2412689.72
feb/2007;0.00;35844.96;441178.90;0.00;42101.80;0.00;0.00;211149.36;1606.00;204991.91;401425.14;0.00;5162.40;0.00;0.00;89353.00;38218.66;0.00;0.00;799394.60;0.00;2270426.73
mar/2007;0.00;47101.77;537373.86;0.00;54082.40;0.00;0.00;264115.98;1665.00;239019.91;454731.09;0.00;7526.90;0.00;0.00;101887.50;57660.84;0.00;0.00;956680.19;0.00;2721845.44
abr/2007;0.00;38731.92;480634.06;0.00;44957.10;0.00;0.00;224818.88;1550.00;217536.23;403732.56;0.00;7512.60;0.00;0.00;91234.00;46865.77;0.00;0.00;758988.58;0.00;2316561.70
may/2007;0.00;44730.69;624648.80;0.00;46178.50;0.00;0.00;259749.48;1458.00;224400.73;426414.71;0.00;11518.60;0.00;0.00;78331.00;47491.42;0.00;0.00;811703.69;0.00;2576625.62
jun/2007;0.00;25509.90;666096.20;0.00;46459.40;0.00;0.00;244505.28;908.00;217473.91;390991.36;0.00;14318.30;0.00;0.00;83270.00;36586.80;0.00;0.00;720896.77;0.00;2447015.92
jul/2007;0.00;41652.90;680178.90;0.00;55620.50;0.00;0.00;261555.62;1381.00;219874.23;416497.41;0.00;11812.20;0.00;0.00;99957.00;66993.71;0.00;0.00;721550.61;0.00;2577074.08
ago/2007;0.00;32132.95;529257.62;0.00;50337.00;0.00;0.00;267634.12;1571.00;236565.57;411088.53;0.00;16179.40;0.00;0.00;117265.50;36100.50;0.00;0.00;736620.90;0.00;2434753.09
sep/2007;0.00;21666.59;374139.35;0.00;46392.80;0.00;0.00;254081.76;1243.00;207241.84;390568.99;0.00;9016.50;0.00;0.00;101530.00;48278.98;0.00;0.00;669587.88;0.00;2123747.69
oct/2007;0.00;23741.47;384625.95;0.00;50839.90;0.00;0.00;264936.66;1284.00;224750.77;419001.81;0.00;13724.20;0.00;0.00;105314.00;22628.56;0.00;0.00;738702.86;0.00;2249550.18
nov/2007;0.00;36281.17;515855.99;0.00;48631.60;0.00;0.00;250108.61;1477.00;218116.79;417490.77;0.00;13720.90;0.00;0.00;73557.00;52597.23;0.00;0.00;779547.05;0.00;2407384.11
dic/2007;0.00;36570.14;431419.38;0.00;52596.00;0.00;0.00;253659.53;1009.00;252394.11;438542.79;0.00;23241.60;0.00;0.00;100226.50;47879.57;0.00;0.00;768886.87;0.00;2406425.50
ene/2008;0.00;33627.86;433142.36;0.00;50760.20;0.00;0.00;252508.33;1989.20;213645.39;403266.74;0.00;23736.50;0.00;0.00;95308.84;43860.96;0.00;0.00;797668.91;0.00;2349515.29
feb/2008;0.00;27023.37;430602.16;0.00;49177.79;0.00;0.00;241978.08;1282.48;215873.67;407735.55;0.00;12268.80;0.00;0.00;59523.70;43795.41;0.00;0.00;794000.25;0.00;2283261.26
mar/2008;0.00;24535.08;433126.79;0.00;54474.23;0.00;0.00;247679.04;1282.24;233761.07;424157.28;0.00;11053.60;0.00;0.00;90591.99;33091.99;0.00;0.00;776026.79;0.00;2329780.09
abr/2008;0.00;28686.75;521002.28;0.00;50481.01;0.00;0.00;243178.03;1389.70;233687.28;399193.53;0.00;9701.10;0.00;0.00;107236.47;33710.99;0.00;0.00;807725.77;0.00;2435992.91
may/2008;0.00;30108.84;671159.46;0.00;40315.15;0.00;0.00;240798.46;1097.20;236635.85;390882.63;0.00;10184.30;0.00;0.00;108039.42;29039.12;0.00;0.00;682326.18;0.00;2440586.60
jun/2008;0.00;13816.19;512787.44;0.00;45117.89;0.00;0.00;242422.57;961.50;200656.57;337464.32;0.00;9387.80;0.00;0.00;109057.41;24325.03;0.00;0.00;507662.65;0.00;2003659.37
jul/2008;0.00;13246.41;374959.04;0.00;53791.45;0.00;0.00;243531.97;1376.00;228640.21;374847.05;0.00;12510.70;0.00;0.00;85805.50;20392.63;0.00;0.00;544399.26;0.00;1953500.22
ago/2008;0.00;17823.81;340442.84;0.00;52969.79;0.00;0.00;237062.52;1296.43;227499.00;378363.76;0.00;5642.20;0.00;0.00;57263.20;27582.41;0.00;0.00;556174.40;0.00;1902120.35
sep/2008;0.00;12370.70;312823.32;0.00;44179.04;0.00;0.00;225262.46;1432.72;218214.64;367962.73;0.00;5890.80;0.00;0.00;103737.26;27685.65;0.00;0.00;557802.62;0.00;1877361.94
oct/2008;0.00;16819.09;327371.38;0.00;43407.77;0.00;0.00;263100.50;1192.71;238955.44;386430.40;0.00;4615.30;0.00;0.00;76022.98;19914.86;0.00;0.00;617863.13;0.00;1995693.56
nov/2008;0.00;29048.29;340754.09;0.00;43778.49;0.00;0.00;230092.62;737.48;238626.16;375438.69;0.00;5666.50;0.00;0.00;69055.69;40840.89;0.00;0.00;688104.11;0.00;2062143.01
dic/2008;0.00;28541.85;327040.51;0.00;47251.99;0.00;0.00;245852.65;1661.95;298245.47;463343.73;0.00;12981.90;0.00;0.00;10382.57;41920.97;0.00;0.00;778953.84;0.00;2256177.43
ene/2009;0.00;31963.02;454789.92;0.00;44522.53;0.00;0.00;217372.42;1198.70;273494.16;424264.50;0.00;9922.80;0.00;0.00;94486.37;43188.98;0.00;0.00;800526.47;0.00;2395729.87
feb/2009;0.00;38311.50;387416.95;0.00;38201.07;0.00;0.00;212038.24;1009.24;254667.70;424438.71;0.00;6520.70;0.00;0.00;95799.17;52862.62;0.00;0.00;795050.51;0.00;2306316.41
mar/2009;0.00;59263.86;401630.02;0.00;42318.13;0.00;0.00;235475.32;1385.24;290343.28;434248.69;0.00;8252.90;0.00;0.00;98162.74;70567.18;0.00;0.00;865981.57;0.00;2507628.92
abr/2009;0.00;48545.41;643776.55;0.00;42656.39;0.00;0.00;209739.17;1018.24;290887.08;454265.40;0.00;9120.70;0.00;0.00;97879.98;53545.56;0.00;0.00;822109.74;0.00;2673544.22
may/2009;0.00;48882.92;682916.87;0.00;35798.11;0.00;0.00;221884.47;1357.90;276970.67;432401.49;0.00;7861.70;0.00;0.00;101914.67;60585.75;0.00;0.00;770687.28;0.00;2641261.83
jun/2009;0.00;27918.98;586246.02;0.00;44548.27;0.00;0.00;221329.63;822.80;252551.99;393140.38;0.00;4161.60;0.00;0.00;91670.87;37437.64;0.00;0.00;703815.55;0.00;2363643.72
jul/2009;0.00;37350.91;450992.66;0.00;46313.51;0.00;0.00;241510.20;1649.10;283142.05;435256.09;0.00;11172.60;0.00;0.00;110163.57;55471.15;0.00;0.00;740868.09;0.00;2413889.93
ago/2009;0.00;32129.06;535359.83;0.00;39851.20;0.00;0.00;232174.11;1458.48;267830.84;409182.96;0.00;10701.30;0.00;0.00;74197.31;37735.48;0.00;0.00;692376.70;0.00;2332997.27
sep/2009;0.00;31422.61;545203.30;0.00;34686.54;0.00;0.00;225886.43;1285.30;248994.42;420238.71;0.00;7926.60;0.00;0.00;72632.73;29161.17;0.00;0.00;687435.10;0.00;2304872.90
oct/2009;0.00;25594.66;643683.55;0.00;37554.44;0.00;0.00;235899.13;1003.00;269008.52;421753.29;0.00;10994.00;0.00;0.00;94084.43;54414.00;0.00;0.00;775739.56;0.00;2569728.58
nov/2009;0.00;44273.35;525804.80;0.00;37672.79;0.00;0.00;232172.83;1412.90;212149.91;391754.81;0.00;15251.90;0.00;0.00;77337.32;42512.45;0.00;0.00;738678.65;0.00;2319021.70
dic/2009;0.00;31718.72;457616.74;0.00;44690.11;0.00;0.00;215923.38;1461.00;296805.29;449842.29;0.00;10317.60;0.00;0.00;80620.82;50398.46;0.00;0.00;891670.41;0.00;2531064.81
ene/2010;0.00;31511.41;391820.19;0.00;41227.21;0.00;0.00;228078.62;850.00;243341.49;389068.41;0.00;10204.30;0.00;0.00;83732.94;32292.30;0.00;0.00;777741.34;0.00;2229868.21
feb/2010;0.00;30767.71;451749.94;0.00;35844.67;0.00;0.00;214409.69;1397.00;248207.93;391195.69;0.00;9408.70;0.00;0.00;91255.01;30991.63;0.00;0.00;807692.10;0.00;2312920.07
mar/2010;0.00;27017.08;384792.99;0.00;44598.50;0.00;0.00;242081.59;1329.00;320985.41;465664.59;0.00;33330.70;0.00;0.00;79706.61;55580.16;0.00;0.00;1017058.18;0.00;2672144.80
abr/2010;0.00;24699.45;331373.92;0.00;45127.02;0.00;0.00;216150.67;1098.00;254872.61;387063.18;0.00;3894.50;0.00;0.00;77061.27;24069.94;0.00;0.00;762770.01;0.00;2128180.57
may/2010;0.00;20105.26;365270.01;0.00;37381.07;0.00;0.00;215523.54;957.00;238903.31;381811.18;0.00;4776.00;0.00;0.00;87377.40;55436.64;0.00;0.00;721668.18;0.00;2129209.59
jun/2010;0.00;13669.01;344237.89;0.00;38418.83;0.00;0.00;226415.07;940.00;251896.39;385981.10;0.00;9185.70;0.00;0.00;86113.28;55113.23;0.00;0.00;683236.54;0.00;2095207.04
jul/2010;0.00;10977.10;291849.33;0.00;47085.53;0.00;0.00;243063.35;1094.00;278700.49;422481.80;0.00;8863.10;0.00;0.00;45959.65;38570.85;0.00;0.00;721584.60;0.00;2110229.80
ago/2010;0.00;10044.77;212469.47;0.00;45197.12;0.00;0.00;245908.42;1279.00;268917.79;410176.39;0.00;6961.30;0.00;0.00;95323.09;12877.01;0.00;0.00;695796.33;0.00;2004950.68
sep/2010;0.00;19136.32;211385.25;0.00;36057.49;0.00;0.00;233404.90;1694.00;266975.25;396429.75;0.00;9110.60;0.00;0.00;89908.23;57336.39;0.00;0.00;687553.88;0.00;2008992.05
oct/2010;0.00;23496.93;216834.49;0.00;38697.10;0.00;0.00;236852.35;777.00;275031.21;418305.07;0.00;5718.60;0.00;0.00;63264.58;46381.13;0.00;0.00;745415.51;0.00;2070773.96
nov/2010;0.00;24354.93;251863.66;0.00;33407.71;0.00;0.00;255841.85;1538.00;273452.94;409652.73;0.00;10443.00;0.00;0.00;71750.75;23969.94;0.00;0.00;785917.40;0.00;2142192.90
dic/2010;0.00;21599.07;156863.43;0.00;41025.05;0.00;0.00;251825.20;1124.00;320807.17;466766.78;0.00;10620.70;0.00;0.00;94478.95;53169.71;0.00;0.00;843762.00;0.00;2262042.06
ene/2011;0.00;17369.80;264151.18;0.00;30823.29;0.00;0.00;244328.91;1295.00;285089.04;411737.33;0.00;12512.00;0.00;0.00;106612.99;49396.74;0.00;0.00;850696.79;0.00;2274013.07
feb/2011;0.00;20587.76;259856.17;0.00;26917.52;0.00;0.00;228479.00;940.00;269301.38;391131.10;0.00;11411.50;0.00;0.00;100367.74;39015.88;0.00;0.00;819940.50;0.00;2167948.55
mar/2011;0.00;25683.06;395111.72;0.00;34478.80;0.00;0.00;255792.92;1475.00;281453.75;393160.91;0.00;11433.80;0.00;0.00;118505.59;52874.84;0.00;0.00;900485.91;0.00;2470456.30
abr/2011;0.00;29703.34;539928.57;0.00;34179.80;0.00;0.00;237582.68;1107.00;285598.37;386749.27;0.00;12796.60;0.00;0.00;106152.20;34616.09;0.00;0.00;797527.23;0.00;2465941.15
may/2011;0.00;32700.99;501342.97;0.00;33669.09;0.00;0.00;247975.28;1100.00;253277.88;371876.75;0.00;10823.60;0.00;0.00;97113.61;76408.92;0.00;0.00;803849.53;0.00;2430138.62
jun/2011;0.00;24786.05;638939.11;0.00;37037.40;0.00;0.00;247082.28;1100.00;290137.49;380800.43;0.00;9444.80;0.00;0.00;101035.11;46048.92;0.00;0.00;729676.79;0.00;2506088.38
jul/2011;0.00;22142.32;251734.87;0.00;44313.17;0.00;0.00;259033.89;1295.00;279283.36;389294.64;0.00;14646.30;0.00;0.00;71759.00;44432.82;0.00;0.00;718255.06;0.00;2096190.42
ago/2011;0.00;17414.86;333071.69;0.00;42315.36;0.00;0.00;259688.74;1467.00;256380.27;408494.51;0.00;10424.10;0.00;0.00;74518.90;39157.53;0.00;0.00;699736.08;0.00;2142669.04
sep/2011;0.00;14666.97;238864.67;0.00;36043.04;0.00;0.00;251882.54;1100.00;256728.25;380453.23;0.00;9715.80;0.00;0.00;63847.96;39066.80;0.00;0.00;660384.93;0.00;1952754.18
oct/2011;0.00;13711.35;239305.91;0.00;37096.07;0.00;0.00;262255.14;745.00;242071.01;381309.50;0.00;10170.30;0.00;0.00;48561.32;39973.11;0.00;0.00;672214.93;0.00;1947413.63
nov/2011;0.00;31593.72;229497.48;0.00;38064.86;0.00;0.00;252218.21;1283.00;231413.83;381871.84;0.00;10071.90;0.00;0.00;99849.53;44374.42;0.00;0.00;794507.24;0.00;2114746.04
dic/2011;0.00;25774.42;215079.84;0.00;41929.61;0.00;0.00;263892.43;1295.00;291678.03;449904.10;0.00;13089.60;0.00;0.00;88815.54;57943.79;0.00;0.00;862318.80;0.00;2311721.16
ene/2012;0.00;28849.11;199651.92;0.00;39631.60;0.00;0.00;242524.90;1100.00;261933.68;393781.94;0.00;11596.50;0.00;0.00;77569.36;44982.71;0.00;0.00;814956.72;0.00;2116578.44
feb/2012;0.00;22730.38;295550.29;0.00;34550.67;0.00;0.00;243810.95;1295.00;253733.22;402633.55;0.00;9916.70;0.00;0.00;83515.03;49337.47;0.00;0.00;848067.25;0.00;2245140.51
mar/2012;0.00;30672.08;351951.02;0.00;49247.79;0.00;0.00;270906.08;1467.00;290286.65;429534.50;0.00;162.77;0.00;0.00;103215.64;44877.18;0.00;0.00;925065.27;0.00;2497385.98
abr/2012;0.00;27048.12;311653.42;0.00;34435.19;0.00;0.00;249493.66;1100.00;262615.28;389264.02;0.00;5720.83;0.00;0.00;94102.14;42650.82;0.00;0.00;792201.73;0.00;2210285.21
may/2012;0.00;22351.30;492974.59;0.00;18507.79;0.00;0.00;261657.41;1300.00;235374.04;405877.41;0.00;39069.95;0.00;0.00;77341.94;52170.98;0.00;0.00;771542.47;0.00;2378167.87
jun/2012;0.00;15219.56;325999.25;0.00;10812.20;0.00;0.00;255333.43;917.00;261012.58;409111.24;0.00;44022.37;0.00;0.00;97728.95;31694.11;0.00;0.00;712464.94;0.00;2164315.62
jul/2012;0.00;21946.13;308473.07;0.00;24927.20;0.00;0.00;271101.94;1307.00;233061.35;420370.60;0.00;35388.97;0.00;0.00;75956.82;51140.36;0.00;0.00;699130.04;0.00;2142803.47
ago/2012;0.00;22014.81;343321.82;0.00;22370.80;0.00;0.00;280184.27;1283.00;259165.94;433828.02;0.00;31964.77;0.00;0.00;96820.68;46292.70;0.00;0.00;716720.36;0.00;2253967.16
sep/2012;0.00;19861.06;285599.63;0.00;17089.80;0.00;0.00;268875.10;1124.00;228205.77;378478.80;0.00;30052.01;0.00;0.00;61612.65;40445.17;0.00;0.00;632120.37;0.00;1963464.36
oct/2012;0.00;15420.12;359066.70;0.00;19378.90;0.00;0.00;297829.17;1307.00;261347.22;414523.22;0.00;28278.43;0.00;0.00;110937.97;36948.68;0.00;0.00;728414.88;0.00;2273452.29
nov/2012;0.00;20434.77;394482.14;0.00;18005.60;0.00;0.00;303422.01;1100.00;272657.82;394751.47;0.00;31373.64;0.00;0.00;27937.80;40052.76;0.00;0.00;812523.44;0.00;2316741.46
dic/2012;0.00;20346.53;317771.58;0.00;19827.40;0.00;0.00;281757.56;1195.20;310407.04;442191.43;0.00;32533.44;0.00;0.00;22090.77;56283.49;0.00;0.00;848262.93;0.00;2352667.37
ene/2013;0.00;12205.94;197658.18;0.00;38605.36;0.00;0.00;291844.00;1489.48;287985.59;408557.45;0.00;13242.55;0.00;0.00;97515.33;39542.92;0.00;0.00;863769.41;0.00;2252416.21
feb/2013;0.00;14270.12;222606.10;0.00;28448.02;0.00;0.00;253221.89;1226.62;259659.66;361215.69;0.00;16355.46;0.00;0.00;81654.54;22225.02;0.00;0.00;808853.97;0.00;2069737.09
mar/2013;0.00;23907.33;289422.67;0.00;32505.06;0.00;0.00;286869.62;924.00;313075.45;413744.86;0.00;16675.00;0.00;0.00;131379.05;50215.89;0.00;0.00;898352.20;0.00;2457071.13
abr/2013;0.00;23075.02;328809.80;0.00;32725.43;0.00;0.00;287216.30;1100.00;330070.65;409238.30;0.00;15424.52;0.00;0.00;73378.09;41087.97;0.00;0.00;966103.92;0.00;2508230.00
may/2013;0.00;20716.42;434716.65;0.00;32306.94;0.00;0.00;301770.53;1173.74;313131.36;403354.79;0.00;13608.37;0.00;0.00;99652.69;34639.10;0.00;0.00;827601.25;0.00;2482671.83
jun/2013;0.00;19145.31;384549.94;0.00;25064.37;0.00;0.00;275921.37;1383.35;287596.64;402012.07;0.00;17894.00;0.00;0.00;113554.65;41706.22;0.00;0.00;775187.12;0.00;2344015.04
jul/2013;0.00;19516.84;286369.33;0.00;35532.69;0.00;0.00;292790.10;1001.07;314185.61;425154.22;0.00;21247.00;0.00;0.00;111798.06;40114.18;0.00;0.00;732544.52;0.00;2280253.62
ago/2013;0.00;16534.02;284525.32;0.00;34875.26;0.00;0.00;282844.32;1467.00;288400.67;416968.15;0.00;16948.00;0.00;0.00;100883.26;43009.30;0.00;0.00;773147.90;0.00;2259603.19
sep/2013;0.00;10189.82;191796.17;0.00;33980.81;0.00;0.00;278403.42;1283.00;249357.42;379479.78;0.00;8640.00;0.00;0.00;75989.10;38110.23;0.00;0.00;672125.16;0.00;1939354.91
oct/2013;0.00;10352.81;200089.72;0.00;33725.62;0.00;0.00;285195.01;1298.98;314518.72;430179.69;0.00;15461.00;0.00;0.00;62188.17;37081.20;0.00;0.00;800049.12;0.00;2190140.04
nov/2013;0.00;10990.54;182327.92;0.00;37678.38;0.00;0.00;253022.23;587.21;306638.45;404692.46;0.00;16521.00;0.00;0.00;96463.73;37046.10;0.00;0.00;821457.45;0.00;2167425.47
dic/2013;0.00;14139.03;137481.49;0.00;31020.65;0.00;0.00;282335.47;1284.00;339969.85;448135.35;0.00;20137.00;0.00;0.00;82518.65;48041.71;0.00;0.00;860351.90;0.00;2265415.09
ene/2014;0.00;47657.13;150401.55;0.00;35071.79;0.00;0.00;288260.80;1504.00;312139.77;412617.93;0.00;16452.26;0.00;0.00;110646.31;37212.01;0.00;0.00;917251.54;0.00;2329215.09
feb/2014;0.00;22039.43;191584.66;0.00;23696.10;0.00;0.00;304312.13;1283.00;312142.65;385430.58;0.00;14441.12;0.00;0.00;105986.10;46110.11;0.00;0.00;890362.31;0.00;2297388.19
mar/2014;0.00;12159.87;254936.96;0.00;39327.74;0.00;0.00;284201.43;1132.40;335869.63;434863.96;0.00;16527.30;0.00;0.00;107499.65;36453.76;0.00;0.00;1004937.39;0.00;2527910.09
abr/2014;0.00;22675.60;293648.05;0.00;38975.79;0.00;0.00;250902.83;329.00;349155.30;437470.07;0.00;15600.00;0.00;0.00;94527.24;41751.04;0.00;0.00;972039.42;0.00;2517074.34
may/2014;0.00;22036.88;295075.17;0.00;29820.27;0.00;0.00;305911.84;1162.98;332737.37;427487.20;0.00;18620.10;0.00;0.00;105266.21;43299.80;0.00;0.00;877263.31;0.00;2458681.13
jun/2014;0.00;20863.92;211036.28;0.00;36833.13;0.00;0.00;285640.44;733.00;303016.82;387299.10;0.00;21987.50;0.00;0.00;109708.83;41730.57;0.00;0.00;733508.70;0.00;2152358.29
jul/2014;0.00;20046.62;312203.06;0.00;41291.71;0.00;0.00;289827.60;1502.40;344659.64;439137.13;0.00;22146.22;0.00;0.00;101908.84;46099.12;0.00;0.00;826918.81;0.00;2445741.15
ago/2014;0.00;24450.24;406297.45;0.00;10476.40;0.00;0.00;272617.60;1466.70;326356.06;442953.10;0.00;43792.26;0.00;0.00;101477.53;53158.86;0.00;0.00;793694.01;0.00;2476740.21
sep/2014;0.00;16173.57;229889.08;0.00;8012.40;0.00;0.00;271079.59;550.00;371327.13;411466.28;0.00;37824.53;0.00;0.00;81213.02;36119.87;0.00;0.00;728498.84;0.00;2192154.31
oct/2014;0.00;10066.11;291536.98;0.00;9170.90;0.00;0.00;337006.14;183.30;343812.67;459922.48;0.00;44198.40;0.00;0.00;101071.19;53692.16;0.00;0.00;836278.12;0.00;2486938.45
nov/2014;0.00;17687.89;190635.70;0.00;7357.70;0.00;0.00;303666.70;190.50;343918.56;436467.90;0.00;42604.50;0.00;0.00;116686.02;49256.09;0.00;0.00;885713.74;0.00;2394185.30
dic/2014;0.00;16337.76;211555.82;0.00;39959.47;0.00;0.00;311419.96;1142.90;464223.15;538899.26;0.00;19815.75;0.00;0.00;119369.80;60321.90;0.00;0.00;1021378.09;0.00;2804423.86
ene/2015;0.00;14013.06;243511.92;0.00;41308.34;0.00;0.00;317220.91;1353.80;419102.72;503135.70;0.00;12126.41;0.00;0.00;76805.25;40255.58;0.00;0.00;1014706.21;0.00;2683539.90
feb/2015;0.00;10763.45;189006.84;0.00;32165.25;0.00;0.00;315364.36;958.40;398167.69;454190.88;0.00;28906.68;0.00;0.00;88685.69;41687.16;0.00;0.00;980149.84;0.00;2540046.24
mar/2015;0.00;26761.09;253562.02;0.00;38204.73;0.00;0.00;338142.32;1478.49;457246.14;521879.26;0.00;16930.56;0.00;0.00;107757.21;54482.32;0.00;0.00;1142551.06;0.00;2958995.20
abr/2015;0.00;17237.77;318449.80;0.00;39177.71;0.00;0.00;320920.88;1119.05;413451.11;486779.41;0.00;9165.79;0.00;0.00;112963.40;34156.09;0.00;0.00;1011167.74;0.00;2764588.75
may/2015;0.00;14038.74;367017.51;0.00;34301.53;0.00;0.00;328177.80;952.43;415570.95;483594.83;0.00;19259.07;0.00;0.00;92041.35;40588.91;0.00;0.00;944316.66;0.00;2739859.78
jun/2015;0.00;13095.63;315322.36;0.00;39977.57;0.00;0.00;331140.05;772.03;414466.18;480892.11;0.00;16406.36;0.00;0.00;112288.55;35207.32;0.00;0.00;880016.47;0.00;2639584.63
jul/2015;0.00;16218.35;350976.98;0.00;42322.79;0.00;0.00;363251.96;1658.20;440729.53;515322.66;0.00;19274.98;0.00;0.00;106971.26;31447.00;0.00;0.00;902586.36;0.00;2790760.07
ago/2015;0.00;14732.03;519237.36;0.00;40414.69;0.00;0.00;333215.61;1121.88;439588.90;513413.00;0.00;14996.02;0.00;0.00;108392.46;43883.15;0.00;0.00;887796.85;0.00;2916791.95
sep/2015;0.00;9560.41;342909.33;0.00;32730.80;0.00;0.00;364351.76;1122.19;422826.59;501658.04;0.00;14495.48;0.00;0.00;96179.22;34526.10;0.00;0.00;734654.22;0.00;2555014.13
oct/2015;0.00;7632.56;304037.55;0.00;37102.30;0.00;0.00;364469.55;928.57;448971.88;532741.14;0.00;16644.12;0.00;0.00;79944.15;38501.06;0.00;0.00;834285.95;0.00;2665258.82
nov/2015;0.00;10137.17;209107.14;0.00;41450.50;0.00;0.00;353643.08;952.40;423841.82;516486.95;0.00;15712.24;0.00;0.00;77375.21;32446.10;0.00;0.00;925431.00;0.00;2606583.61
dic/2015;0.00;9475.85;184791.46;0.00;43851.69;0.00;0.00;355233.65;1113.18;499839.17;600161.72;0.00;18892.21;0.00;0.00;91440.75;36934.50;0.00;0.00;1047478.84;0.00;2889213.01
ene/2016;0.00;5542.28;262150.77;0.00;38680.60;0.00;0.00;346512.22;952.98;433180.34;545737.53;0.00;16499.03;0.00;0.00;100703.08;33641.00;0.00;0.00;1084043.63;0.00;2867643.45
feb/2016;0.00;5939.92;242970.07;0.00;40215.13;0.00;0.00;368867.55;1143.69;450916.35;540459.19;0.00;13267.85;0.00;0.00;88817.52;28012.30;0.00;0.00;1055672.64;0.00;2836282.21
mar/2016;0.00;5301.47;312624.84;0.00;43123.03;0.00;0.00;372223.42;1181.46;486255.94;575720.92;0.00;19388.31;0.00;0.00;69957.47;31366.00;0.00;0.00;1107296.65;0.00;3024439.51
abr/2016;0.00;13098.88;305191.05;0.00;37842.69;0.00;0.00;357084.22;954.36;467472.20;545605.47;0.00;16511.55;0.00;0.00;80123.73;13357.00;0.00;0.00;1149175.19;0.00;2986416.34
may/2016;0.00;8723.98;415456.18;0.00;37138.19;0.00;0.00;377629.02;1142.90;468710.38;551000.79;0.00;19928.34;0.00;0.00;87793.20;40423.00;0.00;0.00;1019984.40;0.00;3027930.37
jun/2016;0.00;3707.28;292566.83;0.00;39135.65;0.00;0.00;355848.99;952.40;450758.18;537583.25;0.00;19761.88;0.00;0.00;74829.65;28875.00;0.00;0.00;888538.10;0.00;2692557.21
jul/2016;0.00;2287.93;213537.63;0.00;42271.27;0.00;0.00;350429.77;948.56;465270.48;562778.84;0.00;18463.79;0.00;0.00;104878.35;30961.50;0.00;0.00;883716.04;0.00;2675544.15
ago/2016;0.00;5385.99;126708.78;0.00;44360.08;0.00;0.00;363859.51;1344.69;485995.83;585748.50;0.00;19426.80;0.00;0.00;105941.22;35543.60;0.00;0.00;866270.02;0.00;2640585.02
sep/2016;0.00;7526.62;156889.89;0.00;33788.70;0.00;0.00;356426.23;947.60;456946.75;548491.65;0.00;18463.50;0.00;0.00;90718.05;37205.15;0.00;0.00;877800.56;0.00;2585204.70
oct/2016;0.00;9087.66;208164.88;0.00;37341.63;0.00;0.00;373503.78;1358.21;476277.64;573754.73;0.00;18939.67;0.00;0.00;68187.30;48088.25;0.00;0.00;916410.70;0.00;2731114.44
nov/2016;0.00;9638.42;224643.28;0.00;38112.71;0.00;0.00;372904.63;750.90;463726.21;547323.53;0.00;18143.40;0.00;0.00;76857.99;37957.00;0.00;0.00;1019671.97;0.00;2809730.04
dic/2016;0.00;10826.71;227241.47;0.00;45344.23;0.00;0.00;372690.46;974.30;524242.31;615251.51;0.00;23909.55;0.00;0.00;188037.45;45686.00;0.00;0.00;1113827.10;0.00;3168031.09
ene/2017;0.00;5564.60;268741.13;0.00;57975.62;0.00;0.00;358706.82;1188.53;477291.93;546212.16;0.00;4453.57;0.00;0.00;118557.34;27089.00;0.00;51.93;1079339.30;0.00;2945171.93
feb/2017;0.00;3689.22;200718.22;0.00;57092.07;0.00;0.00;357497.97;964.14;453665.32;526888.94;0.00;248.63;0.00;0.00;70714.66;33909.00;0.00;49.11;1052536.01;0.00;2757973.29
mar/2017;0.00;8912.83;146747.21;0.00;59574.15;0.00;0.00;351791.93;1199.40;523943.60;592249.34;0.00;214.24;0.00;0.00;102621.01;52165.00;0.00;88.86;1216423.42;0.00;3055930.99
abr/2017;0.00;6841.66;173685.84;0.00;64589.03;0.00;0.00;360957.70;1023.25;500063.03;530345.96;0.00;129.95;0.00;0.00;198383.91;43273.00;0.00;36.80;1032813.29;0.00;2912143.42
may/2017;0.00;8988.46;154619.14;0.00;59893.27;0.00;0.00;377492.16;976.19;516884.37;588861.62;0.00;259.57;0.00;0.00;212011.70;45402.00;0.00;50.28;1034806.24;0.00;3000245.00
jun/2017;0.00;12939.27;140581.12;0.00;65459.68;0.00;0.00;378328.46;952.38;478491.95;549378.05;0.00;116.01;0.00;0.00;184171.01;41171.92;0.00;61.51;897511.89;0.00;2749163.25
jul/2017;0.00;12151.22;119185.53;0.00;71848.17;0.00;0.00;369948.64;0.00;521730.41;607702.70;0.00;423.28;0.00;0.00;242807.96;45818.75;0.00;47.60;938887.64;0.00;2930551.90
ago/2017;0.00;18295.85;147847.74;0.00;71939.54;0.00;0.00;385834.28;1142.85;514086.57;604650.34;0.00;277.29;0.00;0.00;247198.62;62667.50;0.00;50.77;950188.14;0.00;3004179.49
sep/2017;0.00;20824.19;146741.02;0.00;50257.31;0.00;0.00;447373.59;964.29;492618.55;560892.67;0.00;332.46;0.00;0.00;184904.64;60278.50;0.00;47.21;894363.58;0.00;2859598.01
oct/2017;0.00;25225.22;135560.60;0.00;61015.54;0.00;0.00;393901.92;952.38;512762.32;583658.83;0.00;211.74;0.00;0.00;113926.54;89116.09;0.00;0.00;935986.17;0.00;2852317.35
nov/2017;0.00;38383.06;115709.19;0.00;61290.82;0.00;0.00;409332.86;1340.26;510631.29;563345.61;0.00;204.43;0.00;0.00;146069.01;41866.50;0.00;73.33;1038598.26;0.00;2926844.62
dic/2017;0.00;31978.30;129000.72;0.00;68044.92;0.00;0.00;404574.36;1126.19;574097.70;635423.76;0.00;108.69;0.00;0.00;177572.34;89124.29;0.00;28.88;1117711.45;0.00;3228791.60
ene/2018;0.00;24744.76;122349.08;0.00;68372.98;1105628.89;15763.64;421848.92;1142.24;528763.30;581802.98;0.00;770.40;0.00;0.00;173232.25;79652.00;0.00;57.20;0.00;0.00;3124128.64
feb/2018;0.00;21717.40;78815.78;0.00;54920.54;1072071.67;14687.22;379239.07;951.60;502041.67;545210.00;0.00;404.74;0.00;0.00;109496.87;73770.00;0.00;87.73;0.00;0.00;2853414.29
mar/2018;0.00;22287.44;158722.77;0.00;67891.40;1194136.18;15893.32;415125.90;1007.52;571052.13;618402.18;0.00;204.26;0.00;0.00;274273.30;49749.00;0.00;67.08;0.00;0.00;3388812.48
abr/2018;0.00;24880.30;149741.63;0.00;65835.66;1108452.97;14929.78;370434.61;1404.69;526979.67;565665.72;0.00;422.67;0.00;0.00;273396.67;88761.00;0.00;43.27;0.00;0.00;3190948.64
may/2018;0.00;34587.38;188452.23;0.00;61285.50;1009750.15;7736.86;403094.74;723.79;544395.17;570129.66;0.00;671.90;0.00;0.00;175846.10;77485.00;0.00;36.49;0.00;0.00;3074194.97
jun/2018;0.00;40679.67;182142.23;0.00;67706.76;930065.00;7816.91;390070.17;561.38;518911.44;554431.50;0.00;383.47;0.00;0.00;159409.05;76489.00;0.00;88.11;0.00;0.00;2928754.69
jul/2018;0.00;54625.85;156567.44;0.00;67215.08;950343.54;8053.83;381128.08;380.95;541811.12;589775.97;0.00;366.65;0.00;0.00;102500.59;102153.50;0.00;52.01;0.00;0.00;2954974.60
ago/2018;0.00;50840.69;184168.24;0.00;72586.20;991818.15;8812.43;407124.75;1000.00;570224.11;593659.63;0.00;427.19;0.00;0.00;204237.65;83143.62;0.00;59.71;0.00;0.00;3168102.35
sep/2018;0.00;45219.25;124107.40;0.00;59624.17;882303.53;7081.41;385717.79;1000.00;531285.29;551547.83;0.00;96.65;0.00;0.00;261284.38;93004.00;0.00;48.54;0.00;0.00;2942320.24
oct/2018;0.00;47762.30;120634.52;0.00;66392.11;969095.04;8587.08;408674.34;952.38;573751.47;579474.43;0.00;187.64;0.00;0.00;307141.02;70523.00;0.00;59.76;0.00;0.00;3153235.09
nov/2018;0.00;47250.31;100763.50;0.00;73529.19;1061941.91;7844.21;408049.58;1142.86;563417.57;573687.35;0.00;271.84;0.00;0.00;286935.32;81713.00;0.00;68.01;0.00;0.00;3206614.65
dic/2018;0.00;31557.54;109649.86;0.00;79674.76;1106130.25;8369.53;421872.09;952.38;632670.17;654281.25;0.00;272.91;0.00;0.00;311858.76;94593.00;0.00;57.80;0.00;0.00;3451940.29
ene/2019;21985.77;29531.29;125570.40;26.66;75489.04;1152949.52;8625.62;421555.41;1000.50;596682.75;601714.90;595.40;259.20;475.49;286.57;165807.89;82300.00;7412.33;68.31;0.00;0.00;3292337.05
feb/2019;18854.82;44387.57;133930.96;25.75;63990.69;1103358.49;7269.33;402371.33;976.19;559109.22;565425.02;631.57;-35.69;1911.93;120.08;152000.02;98063.00;7078.95;89.72;0.00;0.00;3159558.95
mar/2019;19205.26;63919.13;164290.04;0.00;70377.90;1228025.34;8943.32;428149.45;1053.27;645266.77;610720.58;347.80;104.14;2170.21;251.71;342482.20;127462.00;7840.52;64.64;0.00;0.00;3720674.28
abr/2019;18390.76;43899.02;156945.14;873.32;70541.87;1160125.11;7643.39;414018.68;0.01;657570.18;598956.30;552.97;-48.13;1944.32;15.13;343735.26;108573.00;6143.69;59.88;0.00;0.00;3589939.90
may/2019;22640.10;66588.87;223361.05;745.79;67768.53;1134666.18;9781.63;426587.33;1074.42;666748.63;611592.32;322.89;-73.50;2658.48;61.08;351666.55;121253.00;8595.00;63.44;0.00;0.00;3716101.79
jun/2019;20117.45;49691.28;125307.02;919.24;67452.06;1012030.47;8360.35;399031.61;1003.81;641136.56;595744.38;296.94;86.01;0.00;4.12;319891.51;112667.00;7438.84;57.93;0.00;0.00;3361236.58
jul/2019;20426.91;74347.22;159021.42;35.42;76715.52;1030649.68;8936.20;419958.02;1099.07;650150.78;615559.33;366.54;10.89;3134.83;-22.46;198491.88;135670.00;8447.45;65.75;0.00;0.00;3403064.45
ago/2019;22578.56;77017.06;148998.84;0.00;66531.06;1070198.10;9041.15;419493.82;1122.94;668783.39;632415.70;394.36;73.61;952.38;7.26;170236.68;129913.00;8685.14;66.12;0.00;0.00;3426509.17
sep/2019;18104.32;62918.62;109518.54;0.00;56736.35;973358.44;8446.19;396860.64;935.26;616079.30;587861.84;306.28;80.43;2215.06;13.98;142986.06;130578.00;8413.38;55.40;0.00;0.00;3115468.09
oct/2019;21550.86;69868.80;33606.20;0.00;61731.51;1043629.53;9433.36;433917.15;1193.10;669008.77;643044.33;391.11;193.58;2499.43;21.74;225348.50;132696.00;9481.17;56.76;0.00;0.00;3357671.90
nov/2019;18951.08;57250.41;126737.63;0.00;63858.30;1122734.55;8998.01;430725.89;1125.97;643070.35;620572.21;397.00;-1893.08;2479.15;30.35;290391.95;107489.00;13815.26;77.26;0.00;0.00;3506811.29
dic/2019;19079.56;22845.74;115170.39;0.00;39030.48;1175724.83;9456.65;428697.64;1043.74;706020.77;682468.14;304.36;35074.25;2899.75;55.04;294706.32;83915.00;8004.56;59.41;0.00;0.00;3624556.63
ene/2020;23464.38;12977.57;132814.31;0.00;67346.00;1184419.19;9523.25;421644.72;1137.95;640011.73;622323.79;546.42;340.77;2645.63;28.01;307317.12;64486.00;9111.42;84.21;0.00;0.00;3500222.47
feb/2020;19558.69;23258.89;145923.81;0.00;58608.78;1233250.24;9821.78;426533.15;958.33;652028.00;633100.05;354.64;479.92;2604.12;16.73;248778.51;104545.19;9281.12;73.87;0.00;0.00;3569175.82
mar/2020;17452.84;19587.38;104824.84;0.00;37280.42;1100813.77;10445.97;420637.14;946.43;573586.73;509752.95;377.36;4564.83;1267.79;6.83;306511.61;106949.57;8888.12;74.10;0.00;0.00;3223968.68
abr/2020;13476.06;17494.20;51247.20;0.00;13870.41;867592.28;5620.48;345933.61;452.38;458420.85;391773.23;362.79;145.45;0.00;6.84;310990.98;53000.00;6706.35;30.42;0.00;0.00;2537123.53
may/2020;13827.56;35550.36;139347.72;0.00;17776.74;828743.95;4099.92;362987.37;380.95;478771.83;407482.52;254.57;758.66;0.00;31.18;366963.69;81524.00;7285.70;55.64;0.00;0.00;2745842.36
jun/2020;17170.47;33842.05;114881.57;0.00;17381.30;782327.99;7406.06;402541.02;462.88;516933.60;388952.81;268.12;171.89;0.00;51.15;327627.60;70605.00;7672.90;60.20;0.00;0.00;2688356.61
jul/2020;18373.04;43939.07;119704.27;0.00;19154.50;870354.89;5067.16;423328.22;571.45;567052.50;462380.81;547.48;297.79;0.00;25.44;281593.37;86576.00;9327.62;69.68;0.00;0.00;2908363.29
ago/2020;21877.37;33601.74;129081.54;0.00;19506.82;885200.72;9764.89;483695.90;1017.10;647375.58;574379.33;385.18;346.31;0.00;12.40;274835.24;94364.00;7451.79;80.22;0.00;0.00;3182976.13
sep/2020;21879.53;26005.63;123261.01;0.00;20238.47;959013.35;9735.38;439581.36;948.80;661665.58;610445.10;509.00;287.45;356.40;35.69;158485.71;95762.00;11629.83;54.92;0.00;0.00;3139895.21
oct/2020;22655.15;37876.73;117108.19;0.00;29115.90;1064005.30;16475.25;459312.45;1142.86;680362.07;648582.82;468.37;266.74;0.00;29.42;254131.92;128310.00;12831.92;68.10;0.00;0.00;3472743.19
nov/2020;21903.24;28761.42;111855.80;0.00;33878.65;1072873.46;10704.69;421504.59;1142.86;652630.16;639856.62;407.14;231.18;933.81;66.48;209982.62;91526.00;10883.80;70.08;0.00;0.00;3309212.60
dic/2020;21166.56;27190.81;162734.65;0.00;38849.97;1276290.85;12819.54;481068.86;1312.55;768193.03;760695.45;547.10;-4603.49;1116.47;52.58;243519.81;118168.00;13060.54;73.41;0.00;0.00;3922256.69
ene/2021;29777.89;26925.55;110449.89;0.00;37507.18;1220637.86;12064.41;485759.13;940.90;685942.97;655512.66;452.50;5223.09;274.48;88.32;128264.67;108756.00;13975.11;0.00;0.00;0.00;3522552.61
feb/2021;20350.18;21953.78;146527.38;0.00;37044.54;1272608.93;10943.51;447847.05;1010.16;669312.88;621712.09;709.18;-308.70;0.00;42.85;286352.94;110937.00;9954.97;0.00;0.00;0.00;3656998.74
mar/2021;27765.93;29164.03;153583.54;0.00;36954.44;1417379.54;10508.49;513966.39;1291.15;773453.52;692240.49;417.13;116.17;0.00;95.13;187420.65;104570.00;11349.78;0.00;0.00;0.00;3960276.38
abr/2021;25695.84;39782.05;128870.62;0.00;50964.69;1268491.30;9876.20;466275.27;1029.93;688389.03;610310.75;441.82;71.76;83.00;31.83;222753.58;108795.00;12887.39;0.00;0.00;0.00;3634750.06
may/2021;24652.39;49044.75;124558.01;160.00;52492.11;1188222.54;12741.15;475018.36;935.05;707336.38;643076.84;237.83;9.43;516.70;54.68;208306.63;122958.00;11316.86;0.00;0.00;0.00;3621637.71
jun/2021;23178.27;29579.19;130750.30;0.00;56780.29;1128077.11;10188.84;475462.79;1118.33;692598.71;637332.81;319.61;66.04;217.00;525.04;221867.31;112843.00;4353.63;0.00;0.00;0.00;3525258.27
jul/2021;26087.78;28594.62;161178.68;0.00;59802.43;1197398.40;11250.16;500478.60;1116.71;740193.13;665472.94;272.62;-105.71;353.00;193.49;247257.05;89715.00;13270.25;0.00;0.00;0.00;3742529.15
ago/2021;22702.60;28571.40;108263.65;0.00;50494.29;1104625.93;10524.54;492629.81;1034.76;668221.54;636824.61;480.63;73.11;380.00;0.75;209382.44;118471.00;10196.20;0.00;0.00;0.00;3462877.26
sep/2021;24886.79;16940.81;119053.02;73.32;54470.85;1102655.34;10578.96;493058.47;1128.98;670418.80;605257.76;316.84;151.91;345.00;6.86;186654.68;91068.00;7911.30;0.00;0.00;0.00;3384977.69
oct/2021;22594.68;22006.99;111134.14;0.00;55352.31;1166983.39;10922.71;497279.70;374.12;718676.32;675821.54;294.75;-321.14;1350.00;0.13;481888.42;105591.55;7075.41;0.00;0.00;0.00;3877025.02
nov/2021;24166.33;23458.00;104401.79;0.00;61963.26;1223817.11;10724.39;480432.29;1419.33;708246.27;641916.40;329.07;114.64;0.00;25.16;301772.78;86090.12;14335.88;0.00;0.00;0.00;3683212.82
dic/2021;22777.04;29373.31;148010.70;0.00;70251.79;1380064.62;14349.94;531775.93;1310.74;821882.15;768102.83;174.21;161.85;0.00;1.74;330630.31;107199.79;12026.93;0.00;0.00;0.00;4238093.88
ene/2022;26398.49;26627.95;123738.00;0.00;61396.28;1281083.25;13681.79;513015.93;1521.19;683031.84;621512.78;5249.84;188.33;0.00;0.10;349200.82;97622.50;9395.75;0.00;0.00;0.00;3813664.84
feb/2022;28690.37;22671.15;113402.81;0.00;54437.25;1267195.10;8915.36;519921.04;947.72;661521.58;592106.14;3609.39;126.45;0.00;2.52;440976.25;119968.05;6436.35;0.00;0.00;0.00;3840927.53
mar/2022;29464.78;31004.35;154357.45;0.00;66914.62;1335367.84;10326.27;483657.43;1523.81;701819.65;598038.47;4287.51;141.38;1500.00;134.92;455044.70;128886.16;7693.95;0.00;0.00;0.00;4010163.29
abr/2022;25782.82;16827.45;133668.15;-11.79;69048.36;1288232.70;9065.57;493178.40;1390.31;812059.06;569199.43;7109.72;160.61;652.00;394.46;405287.72;104909.33;5358.26;0.00;0.00;0.00;3942312.56
may/2022;25853.21;21737.46;167050.20;-82.52;71003.32;1109576.77;8920.19;515616.02;1333.33;791824.98;483991.63;4737.69;426.14;728.29;166.74;409436.09;101345.62;9698.39;0.00;0.00;0.00;3723363.55
jun/2022;25887.94;19273.76;104641.21;14.47;68988.11;1102689.46;9445.02;513914.27;1338.21;781009.47;507260.42;4057.90;797.57;2105.56;0.50;362269.01;99404.50;7380.71;0.00;0.00;0.00;3610478.09
jul/2022;21393.25;27249.06;107271.87;15.71;70983.86;1125984.15;9177.23;513619.25;1142.86;788841.46;554496.90;7441.02;536.57;1519.74;153.09;432128.63;96843.79;7556.06;0.00;0.00;0.00;3766354.50
ago/2022;23208.91;33587.39;109190.19;-143.00;74443.19;1107348.96;9928.60;541273.94;1292.79;784468.32;581844.42;6487.42;211.02;1573.56;98.60;462195.76;115875.47;7619.59;0.00;0.00;0.00;3860505.13
sep/2022;22348.19;39127.46;135728.17;0.00;63518.27;1202883.03;10663.38;479529.68;1129.28;760396.15;570632.20;4177.49;88.55;2452.28;46.75;404922.34;100738.00;8249.40;0.00;0.00;0.00;3806630.62
oct/2022;25580.00;55160.16;131645.27;-94.29;54757.41;979243.31;8890.20;545823.45;1138.12;768784.36;573943.48;7409.45;241.35;1914.45;37.27;352332.22;123296.80;10662.76;0.00;0.00;0.00;3640765.77
nov/2022;25768.80;72337.43;139804.79;-439.19;67178.42;1165294.16;10785.62;528393.77;1112.59;771173.12;572163.23;5610.95;-3.33;1598.96;67.94;748589.98;137937.12;11728.21;0.00;0.00;0.00;4259102.57
dic/2022;25304.91;57533.95;135803.78;-286.43;94150.68;1241281.79;8940.56;556737.22;1320.96;865851.44;635953.46;3668.38;362.38;1786.75;60.41;283650.41;135988.00;6824.75;0.00;0.00;0.00;4054933.40
ene/2023;26561.43;77035.87;105294.71;-380.72;73581.22;1285932.51;9391.16;574148.00;1224.04;804524.73;599501.29;5654.81;540.21;2222.59;142.63;427535.42;112435.87;7647.92;0.00;0.00;0.00;4112993.69
feb/2023;25841.91;74416.24;116577.42;-287.62;66761.16;1226884.63;8398.95;497273.19;1134.43;737345.64;544144.00;510.40;935.55;1133.80;145.61;311098.09;100237.67;16166.19;0.00;0.00;0.00;3728717.26
mar/2023;31025.18;69630.40;194492.83;;83431.51;1463008.43;11462.71;588892.16;1514.78;875010.34;656941.64;481.54;-1882.43;2024.49;268.68;311475.22;112090.14;12781.27;0.00;0.00;0.00;4412648.89
abr/2023;23786.29;74654.67;157844.83;-841.64;80733.64;1247899.39;10553.37;513919.89;1390.03;798128.36;586642.20;415.69;-1568.78;940.32;108.23;322290.11;96434.73;13410.95;0.00;0.00;0.00;3926742.28
may/2023;27142.62;76296.87;221002.66;-797.34;73860.95;1346554.12;12201.45;561767.17;1790.83;866826.79;646221.20;526.03;-2825.20;1652.70;117.00;508981.62;114448.93;15367.18;0.00;0.00;0.00;4471135.58
jun/2023;20984.44;61945.89;278395.87;-141.21;83670.38;1159045.92;11006.74;532138.90;1757.38;782745.17;616290.21;251.49;-242.23;1479.62;244.37;477277.35;103883.51;13786.74;0.00;0.00;0.00;4144520.54
jul/2023;26154.75;51822.56;184922.99;-300.65;86543.50;1178454.37;10322.55;521833.56;1668.74;825219.05;642098.16;124.47;61.33;1742.72;289.82;463783.28;103263.65;18098.98;0.00;0.00;0.00;4116103.83
ago/2023;28448.14;36555.03;177433.27;-370.81;85858.76;1222453.19;11621.18;543825.64;1496.00;851754.02;632333.40;570.27;94.24;1289.49;322.29;578024.40;118906.90;21312.71;0.00;0.00;0.00;4311928.12
sep/2023;26664.59;30992.39;153538.96;0.00;78170.33;1103622.25;10333.31;517699.48;1309.79;799852.73;597670.26;418.09;58.97;1580.67;407.86;466772.04;98530.47;10044.27;0.00;0.00;0.00;3897666.46
oct/2023;17666.08;16064.27;140794.11;-231.53;61988.69;998113.39;9768.00;495261.14;1871.98;728741.16;531542.58;163.86;35.57;1538.41;48.39;320934.87;16701.00;16998.76;0.00;0.00;0.00;3358000.73
nov/2023;27621.73;20210.70;139849.79;0.00;87293.60;1248223.75;11149.45;530542.42;1142.86;807947.98;632180.03;239.31;362.38;1653.74;59.66;277411.44;96347.00;12303.72;0.00;0.00;0.00;3894539.56
dic/2023;24983.37;14626.67;177249.65;-572.63;96335.03;1334692.15;10583.80;541263.18;1511.90;880233.12;691389.62;146.53;113.22;1283.82;2.18;371910.12;80461.30;14748.21;0.00;0.00;0.00;4240961.24
ene/2024;28739.00;11541.39;155857.44;-425.40;101931.98;1359012.49;12753.66;548124.45;1428.57;830708.13;658083.66;497.12;58.93;2211.55;63.00;494201.60;91360.15;14764.28;0.00;0.00;0.00;4310912.00
feb/2024;26061.54;16710.19;116497.67;-374.79;90032.19;1340174.42;12428.51;526897.85;1140.33;818740.16;654059.60;-593.71;-405.69;2061.43;42.15;307639.83;80009.60;21105.25;0.00;0.00;0.00;4012226.53
mar/2024;25159.01;13146.14;243839.73;-124.51;92065.02;1393324.52;12378.90;523990.91;1510.75;870771.70;671997.05;646.23;94.17;1709.22;0.90;534218.36;87066.32;5069.30;0.00;0.00;0.00;4476863.72
abr/2024;30759.23;12942.60;169259.07;-408.66;84078.82;1428143.44;13960.16;531880.19;1495.49;847353.15;633520.57;539.51;23.45;2209.47;49.32;270494.00;76628.15;18204.87;0.00;0.00;0.00;4121132.83
may/2024;27925.45;10648.82;407622.36;-679.88;88754.57;1401052.37;11513.25;536754.38;1605.58;894533.14;692427.94;217.62;93.45;1934.08;239.14;522187.82;85210.78;14524.46;0.00;0.00;0.00;4696565.33
