Fecha;Aceites lubricantes;Asfalto ;Bunker;Ceras;Combustible turbo jet;Diesel bajo azufre;Diesel ultra bajo azufre;Gas licuado de petróleo;Gasolina de aviación;Gasolina regular;Gasolina superior;Grasas lubricantes;Kerosina;Mezclas oleosas;Naftas;Petcoke;Petróleo crudo;Solventes;Butano;Diesel alto azufre;MTBE;Orimulsión;Petróleo reconstituido;Total importación
ene/2001;0.00;27748.99;214581.84;0.00;0.00;0.00;0.00;194065.74;820.00;177776.50;373963.96;0.00;33834.03;0.00;0.00;0.00;0.00;0.00;0.00;566101.99;8402.00;0.00;715344.00;2312639.05
feb/2001;0.00;7503.57;294609.00;0.00;0.00;0.00;0.00;170703.38;3054.00;123115.99;243091.07;0.00;67439.95;0.00;0.00;0.00;0.00;0.00;0.00;489525.80;0.00;0.00;370166.00;1769208.76
mar/2001;0.00;26304.32;315263.80;0.00;0.00;0.00;0.00;161837.37;677.00;161726.42;312084.38;0.00;31787.29;0.00;0.00;0.00;0.00;0.00;0.00;575559.68;0.00;0.00;360530.00;1945770.26
abr/2001;0.00;7885.89;205653.00;0.00;0.00;0.00;0.00;163048.64;3399.00;127338.74;285054.89;0.00;25801.18;0.00;0.00;0.00;0.00;0.00;0.00;437745.42;8184.00;0.00;359527.00;1623637.76
may/2001;0.00;8443.16;278371.30;0.00;0.00;0.00;0.00;171518.86;585.00;168730.19;300913.67;0.00;45529.33;0.00;0.00;0.00;0.00;0.00;0.00;552609.13;12680.00;0.00;723346.00;2262726.64
jun/2001;0.00;6229.04;218765.60;0.00;0.00;0.00;0.00;190004.42;492.00;152899.09;333217.19;0.00;64444.95;0.00;0.00;0.00;0.00;0.00;0.00;497855.26;0.00;0.00;360369.00;1824276.55
jul/2001;0.00;3103.99;156109.00;0.00;0.00;0.00;0.00;206022.83;655.00;136299.13;195071.86;0.00;23654.10;0.00;0.00;0.00;0.00;0.00;0.00;302350.02;10642.00;0.00;360570.00;1394477.93
ago/2001;0.00;27821.06;189692.60;0.00;0.00;0.00;0.00;100561.47;607.00;139365.07;268153.26;0.00;49890.61;0.00;0.00;0.00;0.00;0.00;0.00;464159.13;13357.00;0.00;719303.00;1972910.20
sep/2001;0.00;2324.85;385142.30;0.00;0.00;0.00;0.00;186839.02;3868.00;233643.75;308439.07;0.00;41519.91;0.00;0.00;0.00;0.00;0.00;0.00;321952.94;0.00;0.00;360635.00;1844364.84
oct/2001;0.00;1484.40;214138.00;0.00;0.00;0.00;0.00;163864.20;650.00;141550.22;305102.28;0.00;32657.33;0.00;0.00;0.00;0.00;0.00;0.00;438989.55;19431.00;0.00;717717.00;2035583.98
nov/2001;0.00;895.44;142282.26;0.00;0.00;0.00;0.00;194722.50;2988.00;165841.46;256638.19;0.00;23876.81;0.00;0.00;0.00;0.00;0.00;0.00;440245.35;0.00;0.00;356364.00;1583854.01
dic/2001;0.00;321.30;307427.20;0.00;0.00;0.00;0.00;194329.02;350.00;149217.67;277145.05;0.00;22948.95;0.00;0.00;0.00;0.00;0.00;0.00;479983.27;14822.00;0.00;366828.00;1813372.46
ene/2002;0.00;1978.12;332302.30;0.00;0.00;0.00;0.00;168422.62;0.00;178585.93;271479.00;0.00;25109.50;0.00;0.00;0.00;0.00;0.00;0.00;500041.32;11481.00;0.00;724812.00;2214211.79
feb/2002;0.00;114.00;285980.00;0.00;0.00;0.00;0.00;200141.36;3499.00;144447.25;365657.75;0.00;41050.42;0.00;0.00;0.00;0.00;0.00;0.00;686923.83;0.00;0.00;368318.00;2096131.61
mar/2002;0.00;2147.65;175483.30;0.00;0.00;0.00;0.00;193422.60;485.00;104673.64;246292.60;0.00;19066.89;0.00;0.00;0.00;0.00;0.00;0.00;432538.46;12350.00;0.00;730957.00;1917417.14
abr/2002;0.00;25060.00;358010.70;0.00;0.00;0.00;0.00;218257.51;441.00;190339.00;310256.30;0.00;33748.80;0.00;0.00;0.00;0.00;0.00;0.00;424667.36;0.00;0.00;365663.00;1926443.67
may/2002;0.00;1170.05;307343.57;0.00;0.00;0.00;0.00;159299.42;534.00;194830.10;363311.76;0.00;33775.30;0.00;0.00;0.00;0.00;0.00;0.00;497781.66;13280.00;0.00;369420.00;1940745.86
jun/2002;0.00;3120.87;412133.78;0.00;0.00;0.00;0.00;210874.61;3138.00;137050.80;250123.19;0.00;6005.88;0.00;0.00;0.00;0.00;0.00;0.00;496826.62;17839.00;0.00;726775.00;2263887.75
jul/2002;0.00;584.36;242340.18;0.00;0.00;0.00;0.00;199708.55;488.00;222408.00;428842.80;0.00;18227.39;0.00;0.00;0.00;0.00;0.00;0.00;636727.84;0.00;0.00;365679.00;2115006.12
ago/2002;0.00;1268.58;346153.70;0.00;0.00;0.00;0.00;192213.74;3477.00;143795.00;298280.33;0.00;24692.87;0.00;0.00;0.00;0.00;0.00;0.00;346225.00;0.00;0.00;364878.00;1720984.22
sep/2002;0.00;5463.83;300348.73;0.00;0.00;0.00;0.00;190686.73;466.00;156956.90;331053.70;0.00;37242.20;0.00;0.00;0.00;0.00;0.00;0.00;638933.22;0.00;0.00;0.00;1661151.31
oct/2002;0.00;2158.97;343702.00;0.00;0.00;0.00;0.00;210871.19;2400.00;195426.80;352055.50;0.00;63543.82;0.00;0.00;0.00;0.00;0.00;0.00;703749.81;0.00;0.00;0.00;1873908.09
nov/2002;0.00;1707.57;508787.00;0.00;0.00;0.00;0.00;227595.86;582.00;153185.70;291188.76;0.00;33324.44;0.00;0.00;0.00;0.00;0.00;0.00;573289.50;0.00;0.00;0.00;1789660.83
dic/2002;0.00;1462.84;561334.63;0.00;0.00;0.00;0.00;192272.02;3379.00;167596.71;440677.81;0.00;47548.06;0.00;0.00;0.00;0.00;0.00;0.00;678749.64;0.00;0.00;0.00;2093020.71
ene/2003;0.00;2225.46;433367.10;0.00;0.00;0.00;0.00;237532.26;720.00;228269.50;425185.50;0.00;48243.38;0.00;0.00;0.00;0.00;0.00;0.00;797344.38;0.00;0.00;0.00;2172887.58
feb/2003;0.00;2497.86;333362.76;0.00;0.00;0.00;0.00;169819.00;254.00;214490.70;443849.85;0.00;74118.22;0.00;0.00;0.00;0.00;0.00;0.00;765912.66;0.00;0.00;0.00;2004305.05
mar/2003;0.00;5342.26;555012.30;0.00;0.00;0.00;0.00;221030.86;1203.00;161257.48;363352.66;0.00;20757.68;0.00;0.00;0.00;0.00;0.00;0.00;693942.31;0.00;0.00;0.00;2021898.55
abr/2003;0.00;5453.73;470787.51;0.00;0.00;0.00;0.00;192170.14;3520.00;189824.89;335444.69;0.00;71377.38;0.00;0.00;0.00;0.00;0.00;0.00;873103.10;0.00;0.00;0.00;2141681.44
may/2003;0.00;10331.91;512728.76;0.00;0.00;0.00;0.00;185016.67;0.00;269981.86;459025.69;0.00;43468.04;0.00;0.00;0.00;0.00;0.00;0.00;625190.08;0.00;0.00;0.00;2105743.01
jun/2003;0.00;3188.55;334426.35;0.00;0.00;0.00;0.00;231805.03;3137.00;182254.23;372486.53;0.00;75168.64;0.00;0.00;0.00;0.00;0.00;0.00;671882.83;0.00;0.00;0.00;1874349.16
jul/2003;0.00;5942.79;475755.86;0.00;0.00;0.00;0.00;216504.93;906.00;133668.20;400922.97;0.00;29429.84;0.00;0.00;0.00;0.00;0.00;0.00;822014.55;0.00;0.00;0.00;2085145.14
ago/2003;0.00;7034.51;518231.66;0.00;0.00;0.00;0.00;209952.38;48.00;169903.86;292365.04;0.00;55600.70;0.00;0.00;0.00;0.00;0.00;0.00;494087.13;0.00;0.00;0.00;1747223.28
sep/2003;0.00;5189.42;360969.08;0.00;0.00;0.00;0.00;231499.19;0.00;177217.53;398192.16;0.00;66626.70;0.00;0.00;0.00;0.00;0.00;0.00;614913.68;0.00;0.00;0.00;1854607.76
oct/2003;0.00;7645.76;536918.24;0.00;0.00;0.00;0.00;216302.81;2719.00;181668.03;260219.92;0.00;61154.50;0.00;0.00;0.00;0.00;0.00;0.00;433084.99;0.00;0.00;0.00;1699713.25
nov/2003;0.00;6163.71;717557.85;0.00;0.00;0.00;0.00;232526.98;0.00;205624.08;393951.96;0.00;50841.70;0.00;0.00;0.00;0.00;0.00;0.00;627189.78;0.00;0.00;0.00;2233856.06
dic/2003;0.00;8962.13;286775.50;0.00;0.00;0.00;0.00;214489.86;2649.00;161477.73;296780.15;0.00;67894.90;0.00;0.00;0.00;0.00;0.00;0.00;745524.88;0.00;0.00;0.00;1784554.15
ene/2004;0.00;8309.85;475730.96;0.00;0.00;0.00;0.00;251271.55;0.00;173427.23;368235.14;0.00;59343.10;0.00;0.00;155510.03;0.00;0.00;0.00;762385.45;0.00;0.00;0.00;2254213.30
feb/2004;0.00;10379.19;348162.02;0.00;0.00;0.00;0.00;197730.29;0.00;147939.23;281891.97;0.00;49226.20;0.00;0.00;0.00;0.00;0.00;0.00;460947.50;0.00;249982.70;0.00;1746259.10
mar/2004;0.00;12318.35;474292.60;0.00;0.00;0.00;0.00;253366.12;2300.00;275539.38;486880.82;0.00;47021.80;0.00;0.00;144859.00;0.00;0.00;0.00;772128.26;0.00;0.00;0.00;2468706.33
abr/2004;0.00;14014.84;415311.51;0.00;0.00;0.00;0.00;206671.88;2920.00;245156.34;415426.00;0.00;58717.90;0.00;0.00;0.00;0.00;0.00;0.00;809194.95;0.00;311711.21;0.00;2479124.63
may/2004;0.00;13384.38;238958.31;0.00;0.00;0.00;0.00;202368.21;0.00;178387.80;350052.95;0.00;71209.20;0.00;0.00;137087.50;0.00;0.00;0.00;634209.64;0.00;0.00;0.00;1825657.99
jun/2004;0.00;15485.81;533789.63;0.00;0.00;0.00;0.00;231850.33;0.00;133341.00;311238.01;0.00;90154.80;0.00;0.00;0.00;0.00;0.00;0.00;461381.79;0.00;311270.32;0.00;2088511.69
jul/2004;0.00;14504.73;108059.00;0.00;0.00;0.00;0.00;220449.26;257.00;152075.75;249710.69;0.00;13662.00;0.00;0.00;155914.00;0.00;0.00;0.00;467154.31;0.00;0.00;0.00;1381786.74
ago/2004;0.00;13756.04;315109.00;0.00;0.00;0.00;0.00;215881.07;3375.00;208592.85;434578.12;0.00;79589.70;0.00;0.00;0.00;0.00;0.00;0.00;669462.53;0.00;315915.92;0.00;2256260.23
sep/2004;0.00;14546.91;434142.76;0.00;0.00;0.00;0.00;252058.26;0.00;218499.24;420550.29;0.00;69168.50;0.00;0.00;146223.00;0.00;0.00;0.00;714039.85;0.00;0.00;0.00;2269228.81
oct/2004;0.00;11315.28;411472.34;0.00;0.00;0.00;0.00;208715.48;697.00;201907.67;366886.30;0.00;82916.50;0.00;0.00;0.00;0.00;0.00;0.00;655715.05;0.00;313440.96;0.00;2253066.58
nov/2004;0.00;2029.03;293179.62;0.00;0.00;0.00;0.00;195645.45;1647.00;215838.32;434710.94;0.00;49233.00;0.00;0.00;152894.50;0.00;0.00;0.00;726697.88;0.00;318754.00;0.00;2390629.74
dic/2004;0.00;2090.04;243611.33;0.00;0.00;0.00;0.00;278688.52;1396.00;227094.71;433149.96;0.00;59035.30;0.00;0.00;0.00;0.00;0.00;0.00;781266.61;0.00;0.00;0.00;2026332.47
ene/2005;0.00;10798.98;318657.90;0.00;0.00;0.00;0.00;226452.50;3105.00;202374.33;257867.99;0.00;33986.00;0.00;0.00;141267.50;0.00;0.00;0.00;663058.79;0.00;338810.04;0.00;2196379.03
feb/2005;0.00;13495.30;303067.68;0.00;0.00;0.00;0.00;179212.81;0.00;178104.72;306660.39;0.00;62584.20;0.00;0.00;0.00;0.00;0.00;0.00;683664.39;0.00;0.00;0.00;1726789.49
mar/2005;0.00;17405.13;436935.02;0.00;0.00;0.00;0.00;271163.05;3100.00;217667.69;431907.81;0.00;70706.00;0.00;0.00;147361.50;0.00;0.00;0.00;778645.07;0.00;0.00;0.00;2374891.27
abr/2005;0.00;13520.46;339926.16;0.00;0.00;0.00;0.00;187599.95;0.00;234492.03;534151.81;0.00;48655.10;0.00;0.00;137890.50;0.00;0.00;0.00;708164.74;0.00;316798.00;0.00;2521198.75
may/2005;0.00;16284.91;572328.31;0.00;0.00;0.00;0.00;243625.26;3365.00;192734.40;378616.30;0.00;61188.20;0.00;0.00;134700.50;0.00;0.00;0.00;875087.62;0.00;344685.00;0.00;2822615.50
jun/2005;0.00;16063.20;471302.18;0.00;0.00;0.00;0.00;256001.38;609.00;243343.68;537398.43;0.00;35505.90;0.00;0.00;0.00;0.00;0.00;0.00;1041016.72;0.00;0.00;0.00;2601240.49
jul/2005;0.00;10382.08;447607.75;0.00;0.00;0.00;0.00;351089.64;673.00;175946.30;363410.90;0.00;57335.20;0.00;0.00;147994.00;0.00;0.00;0.00;770731.74;0.00;312030.00;0.00;2637200.61
ago/2005;0.00;13408.17;201638.98;0.00;0.00;0.00;0.00;115098.57;0.00;173810.38;566618.55;0.00;24343.00;0.00;0.00;0.00;0.00;0.00;0.00;815435.20;0.00;0.00;0.00;1910352.85
sep/2005;0.00;19894.97;184318.28;0.00;0.00;0.00;0.00;461957.15;177.00;81015.30;193484.50;0.00;65426.30;0.00;0.00;147735.50;0.00;0.00;0.00;229764.74;0.00;329946.00;0.00;1713719.74
oct/2005;0.00;4807.49;280596.41;0.00;0.00;0.00;0.00;456714.29;2884.00;145325.65;528877.09;0.00;64975.70;0.00;0.00;0.00;0.00;0.00;0.00;671848.94;0.00;0.00;0.00;2156029.57
nov/2005;0.00;10934.29;425553.13;0.00;0.00;0.00;0.00;127819.83;3076.00;266018.37;348687.81;0.00;33635.10;0.00;0.00;150007.00;0.00;0.00;0.00;635553.46;0.00;0.00;0.00;2001284.99
dic/2005;0.00;6643.00;284168.38;0.00;0.00;0.00;0.00;456441.07;357.00;107374.00;360807.00;0.00;39994.70;0.00;0.00;147460.50;0.00;0.00;0.00;1212610.53;0.00;325083.00;0.00;2940939.18
ene/2006;0.00;4073.00;311221.28;0.00;0.00;0.00;0.00;461915.81;0.00;348503.85;711860.77;0.00;64569.80;0.00;0.00;0.00;0.00;0.00;0.00;708730.84;0.00;312673.00;0.00;2923548.35
feb/2006;0.00;6134.00;121036.31;0.00;0.00;0.00;0.00;139318.22;3577.00;145048.20;262170.90;0.00;44797.30;0.00;0.00;0.00;0.00;0.00;0.00;767710.63;0.00;0.00;0.00;1489792.56
mar/2006;0.00;11054.00;429837.61;0.00;0.00;0.00;0.00;385287.41;548.00;285783.25;408065.34;0.00;52658.40;0.00;0.00;147746.50;0.00;0.00;0.00;744721.94;0.00;0.00;0.00;2465702.45
abr/2006;0.00;8145.00;287959.04;0.00;0.00;0.00;0.00;317756.14;3423.00;238824.61;421300.82;0.00;36823.50;0.00;0.00;151635.00;0.00;0.00;0.00;935306.58;0.00;0.00;0.00;2401173.69
may/2006;0.00;14644.00;764099.76;0.00;0.00;0.00;0.00;134526.05;3615.00;134212.30;312024.70;0.00;72698.30;0.00;0.00;0.00;0.00;0.00;0.00;822556.45;0.00;0.00;0.00;2258376.56
jun/2006;0.00;16453.00;367297.31;0.00;0.00;0.00;0.00;347549.31;190.00;211562.74;394014.85;0.00;35949.40;0.00;0.00;151250.00;0.00;0.00;0.00;361207.59;0.00;0.00;0.00;1885474.20
jul/2006;0.00;9178.00;385553.32;0.00;0.00;0.00;0.00;140074.43;452.00;180942.18;375951.16;0.00;68151.60;0.00;0.00;150425.00;0.00;0.00;0.00;971716.72;0.00;0.00;0.00;2282444.41
ago/2006;0.00;7880.00;318166.29;0.00;0.00;0.00;0.00;434013.19;0.00;147245.49;313326.86;0.00;50939.80;0.00;0.00;0.00;0.00;0.00;0.00;603747.33;0.00;0.00;0.00;1875318.96
sep/2006;0.00;4588.00;461459.78;0.00;0.00;0.00;0.00;457683.24;452.00;366193.77;525623.15;0.00;50012.60;0.00;0.00;150349.65;0.00;0.00;0.00;473431.31;0.00;0.00;0.00;2489793.50
oct/2006;0.00;6380.00;446660.88;0.00;0.00;0.00;0.00;130938.67;4808.00;153997.35;285505.00;0.00;47546.00;0.00;0.00;145937.83;0.00;0.00;0.00;1220719.64;0.00;0.00;0.00;2442493.36
nov/2006;0.00;10985.00;321841.37;0.00;0.00;0.00;0.00;492063.43;381.00;171327.01;428590.50;0.00;31977.40;0.00;0.00;149110.67;0.00;0.00;0.00;431874.86;0.00;0.00;0.00;2038151.23
dic/2006;0.00;5775.00;612637.14;0.00;0.00;0.00;0.00;112912.81;1717.00;234319.30;395132.09;0.00;53294.10;0.00;0.00;148978.28;0.00;0.00;0.00;890336.68;0.00;0.00;0.00;2455102.40
ene/2007;0.00;11252.00;419881.17;0.00;0.00;0.00;0.00;308348.52;381.00;289550.59;523730.31;0.00;65308.30;0.00;0.00;0.00;0.00;0.00;0.00;818060.57;0.00;0.00;0.00;2436512.46
feb/2007;0.00;10997.00;442208.81;0.00;0.00;0.00;0.00;295082.83;3553.00;299077.04;401855.41;0.00;57695.40;0.00;0.00;165044.00;0.00;0.00;0.00;822325.65;0.00;0.00;0.00;2497839.14
mar/2007;0.00;10292.00;676389.41;0.00;0.00;0.00;0.00;399387.22;571.00;326317.75;541817.85;0.00;51860.10;0.00;0.00;0.00;0.00;0.00;0.00;569451.85;0.00;0.00;0.00;2576087.18
abr/2007;0.00;11437.00;576702.01;0.00;0.00;0.00;0.00;391790.79;2541.00;94844.90;203441.33;0.00;83496.70;0.00;0.00;166886.50;0.00;0.00;0.00;850138.11;0.00;0.00;0.00;2381278.34
may/2007;0.00;10752.00;390428.07;0.00;0.00;0.00;0.00;132106.60;381.00;238404.83;545587.63;0.00;23476.00;0.00;0.00;149550.50;0.00;0.00;0.00;793887.04;0.00;0.00;0.00;2284573.67
jun/2007;0.00;6891.00;635979.48;0.00;0.00;0.00;0.00;553252.05;0.00;170064.98;441537.39;0.00;82309.90;0.00;0.00;148676.00;0.00;0.00;0.00;855757.14;0.00;0.00;0.00;2894467.94
jul/2007;0.00;12327.00;746956.76;0.00;0.00;0.00;0.00;153167.79;3220.00;227660.47;451180.82;0.00;47604.10;0.00;0.00;152834.00;0.00;0.00;0.00;1118432.25;0.00;0.00;0.00;2913383.19
ago/2007;0.00;9273.00;741692.20;0.00;0.00;0.00;0.00;309647.07;476.00;351306.27;501840.27;0.00;82558.60;0.00;0.00;0.00;0.00;0.00;0.00;824047.47;0.00;0.00;0.00;2820840.88
sep/2007;0.00;11535.70;425995.94;0.00;0.00;0.00;0.00;183484.88;2784.00;181015.83;336120.81;0.00;68630.10;0.00;0.00;167480.50;0.00;0.00;0.00;497008.84;0.00;0.00;0.00;1874056.60
oct/2007;0.00;9690.10;422763.80;0.00;0.00;0.00;0.00;486194.88;190.00;312120.18;376377.75;0.00;77376.50;0.00;0.00;0.00;0.00;0.00;0.00;885924.86;0.00;0.00;0.00;2570638.07
nov/2007;0.00;10134.10;92054.55;0.00;0.00;0.00;0.00;148627.36;2229.00;289282.55;512550.51;0.00;53092.10;0.00;0.00;0.00;0.00;0.00;0.00;665114.83;0.00;0.00;0.00;1773085.00
dic/2007;0.00;9846.00;585035.81;0.00;0.00;0.00;0.00;371098.40;95.00;222108.35;542916.97;0.00;58973.50;0.00;0.00;311674.00;0.00;0.00;0.00;812776.59;0.00;0.00;0.00;2914524.62
ene/2008;0.00;7227.00;357826.00;0.00;0.00;0.00;0.00;522670.52;2726.20;107885.65;204788.30;0.00;55618.10;0.00;0.00;0.00;0.00;0.00;0.00;613819.33;0.00;0.00;0.00;1872561.10
feb/2008;0.00;3575.00;596066.54;0.00;0.00;0.00;0.00;126941.22;2442.50;234830.10;545139.83;0.00;63895.10;0.00;0.00;0.00;0.00;0.00;0.00;500922.23;0.00;0.00;0.00;2073812.52
mar/2008;0.00;10375.20;280414.70;0.00;0.00;0.00;0.00;321294.76;95.20;241800.33;405713.48;0.00;73114.40;0.00;0.00;146640.07;0.00;0.00;0.00;1095743.35;0.00;0.00;0.00;2575191.49
abr/2008;0.00;11902.80;644339.91;0.00;0.00;0.00;0.00;296531.95;285.70;271554.27;570256.98;0.00;61215.00;0.00;0.00;149627.39;0.00;0.00;0.00;682042.07;0.00;0.00;0.00;2687756.07
may/2008;0.00;17890.00;848575.95;0.00;0.00;0.00;0.00;506589.79;3093.20;242628.16;424954.88;0.00;64572.90;0.00;0.00;150762.10;0.00;0.00;0.00;710464.76;0.00;0.00;0.00;2969531.73
jun/2008;0.00;8087.00;257332.45;0.00;0.00;0.00;0.00;135630.48;190.50;177838.70;273398.73;0.00;73918.80;0.00;0.00;0.00;0.00;0.00;0.00;817804.84;0.00;0.00;0.00;1744201.50
jul/2008;0.00;9947.00;549352.90;0.00;0.00;0.00;0.00;365117.62;190.50;232129.20;384549.70;0.00;50621.00;0.00;0.00;150155.50;0.00;0.00;0.00;541486.15;0.00;0.00;0.00;2283549.57
ago/2008;0.00;4575.20;512005.35;0.00;0.00;0.00;0.00;124909.19;171.40;138376.72;241881.47;0.00;61346.30;0.00;0.00;148500.00;0.00;0.00;0.00;713650.52;0.00;0.00;0.00;1945416.15
sep/2008;0.00;2631.00;265932.42;0.00;0.00;0.00;0.00;290330.74;1178.60;290621.26;423244.17;0.00;31940.50;0.00;0.00;149060.89;0.00;0.00;0.00;544521.54;0.00;0.00;0.00;1999461.12
oct/2008;0.00;7436.10;193916.40;0.00;0.00;0.00;0.00;515833.10;3273.70;358036.44;329762.30;0.00;81679.00;0.00;0.00;0.00;0.00;0.00;0.00;344273.02;0.00;0.00;0.00;1834210.06
nov/2008;0.00;4910.90;467765.33;0.00;0.00;0.00;0.00;304780.71;190.50;170365.32;386365.05;0.00;40478.60;0.00;0.00;0.00;0.00;0.00;0.00;809439.42;0.00;0.00;0.00;2184295.83
dic/2008;0.00;1132.00;321373.52;0.00;0.00;0.00;0.00;265854.17;3380.00;238398.92;458949.42;0.00;32909.50;0.00;0.00;0.00;0.00;0.00;0.00;524038.42;0.00;0.00;0.00;1846035.95
ene/2009;0.00;4814.00;462619.82;0.00;0.00;0.00;0.00;440807.21;285.70;202484.53;382300.56;0.00;51282.70;0.00;0.00;165846.18;0.00;0.00;0.00;941535.71;0.00;0.00;0.00;2651976.41
feb/2009;0.00;6513.00;316669.93;0.00;0.00;0.00;0.00;308898.19;187.70;588346.36;522820.81;0.00;60857.20;0.00;0.00;0.00;0.00;0.00;0.00;914059.40;0.00;0.00;0.00;2718352.59
mar/2009;0.00;5116.00;249980.94;0.00;0.00;0.00;0.00;116357.43;2925.00;298459.25;626630.99;0.00;56965.60;0.00;0.00;0.00;0.00;0.00;0.00;893473.80;0.00;0.00;0.00;2249909.01
abr/2009;0.00;4374.00;375412.12;0.00;0.00;0.00;0.00;382796.62;93.70;182218.96;348267.66;0.00;52516.30;0.00;0.00;0.00;0.00;0.00;0.00;816840.02;0.00;0.00;0.00;2162519.38
may/2009;0.00;8390.00;1051763.66;0.00;0.00;0.00;0.00;108032.64;256.40;377337.48;341700.48;0.00;20718.60;0.00;0.00;165000.00;0.00;0.00;0.00;621339.93;0.00;0.00;0.00;2694539.19
jun/2009;0.00;2002.00;598780.49;0.00;0.00;0.00;0.00;439954.52;273.80;363676.29;589337.79;0.00;63788.00;0.00;0.00;0.00;0.00;0.00;0.00;735260.51;0.00;0.00;0.00;2793073.40
jul/2009;0.00;6156.00;427219.03;0.00;0.00;0.00;0.00;451892.83;723.60;363911.51;337172.65;0.00;40926.60;0.00;0.00;0.00;0.00;0.00;0.00;850806.89;0.00;0.00;0.00;2478809.11
ago/2009;0.00;7442.00;454739.68;0.00;0.00;0.00;0.00;151179.48;3389.70;210495.68;476525.36;0.00;68002.40;0.00;0.00;0.00;0.00;0.00;0.00;842742.17;0.00;0.00;0.00;2214516.47
sep/2009;0.00;6757.00;417863.18;0.00;0.00;0.00;0.00;265512.40;186.30;161783.68;321728.95;0.00;48160.70;0.00;0.00;165190.91;0.00;0.00;0.00;611966.22;0.00;0.00;0.00;1999149.34
oct/2009;0.00;7998.00;547485.85;0.00;0.00;0.00;0.00;294299.57;187.00;375067.23;639524.61;0.00;53069.80;0.00;0.00;0.00;0.00;0.00;0.00;869366.31;0.00;0.00;0.00;2786998.37
nov/2009;0.00;6446.00;762745.04;0.00;0.00;0.00;0.00;543498.52;4171.90;201213.10;321859.44;0.00;42081.90;0.00;0.00;148528.88;0.00;0.00;0.00;894309.88;0.00;0.00;0.00;2924854.66
dic/2009;0.00;5081.00;444330.26;0.00;0.00;0.00;0.00;121256.64;0.00;291525.48;435416.18;0.00;31007.80;0.00;0.00;144490.01;0.00;0.00;0.00;1144960.66;0.00;0.00;0.00;2618068.03
ene/2010;0.00;7549.00;407232.90;0.00;0.00;0.00;0.00;437042.33;0.00;173918.35;318949.72;0.00;69541.70;0.00;0.00;0.00;0.00;0.00;0.00;905803.65;0.00;0.00;0.00;2320037.65
feb/2010;0.00;10200.00;393505.01;0.00;0.00;0.00;0.00;410846.40;3584.00;336005.72;492452.55;0.00;62958.80;0.00;0.00;0.00;0.00;0.00;0.00;447271.92;0.00;0.00;0.00;2156824.40
mar/2010;0.00;11286.10;380305.39;0.00;0.00;0.00;0.00;148495.38;0.00;157798.77;303762.94;0.00;33008.70;0.00;0.00;149642.96;0.00;0.00;0.00;947702.88;0.00;0.00;0.00;2132003.12
abr/2010;0.00;12568.70;593178.80;0.00;0.00;0.00;0.00;410001.10;0.00;433108.23;562996.07;0.00;42911.90;0.00;0.00;165852.23;0.00;0.00;0.00;613011.21;0.00;0.00;0.00;2833628.23
may/2010;0.00;6994.10;349801.70;0.00;0.00;0.00;0.00;230584.60;3139.00;279926.95;429729.38;0.00;59512.70;0.00;0.00;164467.77;0.00;0.00;0.00;1086036.16;0.00;0.00;0.00;2610192.35
jun/2010;0.00;2940.00;117297.20;0.00;0.00;0.00;0.00;344683.10;0.00;281834.46;464310.80;0.00;58930.10;0.00;0.00;0.00;0.00;0.00;0.00;587828.26;0.00;0.00;0.00;1857823.92
jul/2010;0.00;4133.00;411546.82;0.00;0.00;0.00;0.00;461977.95;3178.00;241994.24;456588.39;0.00;40989.80;0.00;0.00;145426.27;0.00;0.00;0.00;712889.93;0.00;0.00;0.00;2478724.40
ago/2010;0.00;2082.00;212442.70;0.00;0.00;0.00;0.00;236164.31;0.00;282509.24;475714.12;0.00;65212.00;0.00;0.00;0.00;0.00;0.00;0.00;637252.29;0.00;0.00;0.00;1911376.66
sep/2010;0.00;4161.00;135187.00;0.00;0.00;0.00;0.00;144381.79;0.00;208796.02;321134.56;0.00;15663.50;0.00;0.00;0.00;0.00;0.00;0.00;741721.42;0.00;0.00;0.00;1571045.29
oct/2010;0.00;5352.00;301559.20;0.00;0.00;0.00;0.00;328472.60;3161.00;392100.62;493794.29;0.00;43634.60;0.00;0.00;0.00;0.00;0.00;0.00;630692.56;0.00;0.00;0.00;2198766.87
nov/2010;0.00;7402.00;331749.27;0.00;0.00;0.00;0.00;540671.88;0.00;139547.73;241062.76;0.00;56430.00;0.00;0.00;0.00;0.00;0.00;0.00;565627.54;0.00;0.00;0.00;1882491.18
dic/2010;0.00;4246.50;162229.50;0.00;0.00;0.00;0.00;286501.74;2308.00;430857.95;652210.77;0.00;44591.60;0.00;0.00;0.00;0.00;0.00;0.00;1135293.92;0.00;0.00;0.00;2718239.98
ene/2011;0.00;5497.36;263229.32;0.00;0.00;0.00;0.00;511518.14;0.00;253700.82;391997.54;0.00;69631.10;0.00;0.00;166651.76;0.00;0.00;0.00;1033948.69;0.00;0.00;0.00;2696174.73
feb/2011;0.00;7033.00;423634.90;0.00;0.00;0.00;0.00;313877.17;2351.00;343582.85;437769.48;0.00;43055.90;0.00;0.00;164990.32;0.00;0.00;0.00;772775.58;0.00;0.00;0.00;2509070.20
mar/2011;0.00;10007.90;138202.10;0.00;0.00;0.00;0.00;297190.31;0.00;291087.16;445920.27;0.00;33888.80;0.00;0.00;0.00;0.00;0.00;0.00;707536.31;0.00;0.00;0.00;1923832.85
abr/2011;0.00;5721.79;652855.72;0.00;0.00;0.00;0.00;426380.21;0.00;326003.71;357349.67;0.00;46347.00;0.00;0.00;209682.55;0.00;0.00;0.00;767445.36;0.00;0.00;0.00;2791786.01
may/2011;0.00;4086.00;423250.92;0.00;0.00;0.00;0.00;238374.12;2150.00;326566.61;433038.13;0.00;51018.20;0.00;0.00;0.00;0.00;0.00;0.00;918940.44;0.00;0.00;0.00;2397424.42
jun/2011;0.00;6274.88;665240.82;0.00;0.00;0.00;0.00;345196.29;3341.00;230990.13;354604.94;0.00;24115.30;0.00;0.00;148503.36;0.00;0.00;0.00;553883.42;0.00;0.00;0.00;2332150.13
jul/2011;0.00;11323.38;394362.55;0.00;0.00;0.00;0.00;148988.50;0.00;188581.40;369694.76;0.00;44399.60;0.00;0.00;328990.04;0.00;0.00;0.00;734958.54;0.00;0.00;0.00;2221298.77
ago/2011;0.00;9067.45;259425.58;0.00;0.00;0.00;0.00;565627.93;2176.00;201844.49;270765.31;0.00;61586.21;0.00;0.00;0.00;0.00;0.00;0.00;1014324.28;0.00;0.00;0.00;2384817.25
sep/2011;0.00;9462.40;335474.56;0.00;0.00;0.00;0.00;382310.38;0.00;260669.22;335803.82;0.00;60244.42;0.00;0.00;166170.51;0.00;0.00;0.00;795554.71;0.00;0.00;0.00;2345690.03
oct/2011;0.00;8582.21;175576.95;0.00;0.00;0.00;0.00;319091.05;1669.00;239711.91;351555.66;0.00;55766.77;0.00;0.00;0.00;0.00;0.00;0.00;612133.26;0.00;0.00;0.00;1764086.81
nov/2011;0.00;11408.52;203510.32;0.00;0.00;0.00;0.00;384368.36;0.00;237803.48;450212.80;0.00;45729.26;0.00;0.00;0.00;0.00;0.00;0.00;575406.48;0.00;0.00;0.00;1908439.22
dic/2011;0.00;11628.07;244547.16;0.00;0.00;0.00;0.00;141052.55;2114.00;367820.54;534925.36;0.00;53946.68;0.00;0.00;0.00;0.00;0.00;0.00;732921.03;0.00;0.00;0.00;2088955.39
ene/2012;0.00;13869.74;192178.43;0.00;0.00;0.00;0.00;481781.48;0.00;318283.44;434648.17;0.00;27960.80;0.00;0.00;332101.50;0.00;0.00;0.00;790123.23;0.00;0.00;0.00;2590946.78
feb/2012;0.00;5723.19;56299.00;0.00;0.00;0.00;0.00;162561.29;2220.00;253583.96;372893.49;0.00;75397.69;0.00;0.00;167575.16;0.00;0.00;0.00;887963.98;0.00;0.00;0.00;1984217.75
mar/2012;0.00;16175.69;486502.56;0.00;0.00;0.00;0.00;521493.74;0.00;255492.16;354160.85;0.00;40494.61;0.00;0.00;0.00;0.00;0.00;0.00;978693.29;0.00;0.00;0.00;2653012.90
abr/2012;0.00;8865.02;424997.52;0.00;0.00;0.00;0.00;131958.40;2646.00;189948.79;399701.69;0.00;21732.04;0.00;0.00;0.00;0.00;0.00;0.00;697871.28;0.00;0.00;0.00;1877720.75
may/2012;0.00;12714.50;427414.42;0.00;0.00;0.00;0.00;510506.81;1551.00;241786.29;380531.85;0.00;70939.56;0.00;0.00;169754.09;0.00;0.00;0.00;833370.09;0.00;0.00;0.00;2648568.61
jun/2012;0.00;5405.19;490228.51;0.00;0.00;0.00;0.00;527672.26;1870.00;320566.69;550379.33;0.00;47391.70;0.00;0.00;0.00;0.00;0.00;0.00;767124.65;0.00;0.00;0.00;2710638.33
jul/2012;0.00;11297.69;293113.09;0.00;0.00;0.00;0.00;165424.21;0.00;142232.47;271509.20;0.00;70228.77;0.00;0.00;0.00;0.00;0.00;0.00;1021995.90;0.00;0.00;0.00;1975801.33
ago/2012;0.00;13907.62;76969.26;0.00;0.00;0.00;0.00;387892.07;0.00;263677.23;361307.20;0.00;65574.80;0.00;0.00;148916.30;0.00;0.00;0.00;626706.23;0.00;0.00;0.00;1944950.71
sep/2012;0.00;6813.86;323767.51;0.00;0.00;0.00;0.00;530897.79;2766.00;201347.56;372989.29;0.00;56595.70;0.00;0.00;0.00;0.00;0.00;0.00;619651.27;0.00;0.00;0.00;2114828.97
oct/2012;0.00;2242.12;378149.37;0.00;0.00;0.00;0.00;162208.43;0.00;374301.51;600094.03;0.00;33639.00;0.00;0.00;0.00;0.00;0.00;0.00;463054.77;0.00;0.00;0.00;2013689.23
nov/2012;0.00;0.00;456468.18;0.00;0.00;0.00;0.00;569345.86;2651.00;197398.80;359818.54;0.00;37111.56;0.00;0.00;147071.21;0.00;0.00;0.00;538552.89;0.00;0.00;0.00;2308418.04
dic/2012;0.00;0.00;273182.16;0.00;0.00;0.00;0.00;152926.76;95.20;287980.58;419029.17;0.00;43950.37;0.00;0.00;149085.15;0.00;0.00;0.00;1324780.96;0.00;0.00;0.00;2651030.35
ene/2013;0.00;0.00;361207.18;0.00;0.00;0.00;0.00;575318.45;190.48;396416.84;433924.69;0.00;57437.01;0.00;0.00;150030.49;0.00;0.00;0.00;749266.68;0.00;0.00;0.00;2723791.82
feb/2013;0.00;0.00;325080.10;0.00;0.00;0.00;0.00;142772.81;1047.62;235502.58;470483.98;0.00;55641.80;0.00;0.00;168305.17;0.00;0.00;0.00;709843.02;0.00;0.00;0.00;2108677.08
mar/2013;0.00;3879.00;231802.56;0.00;0.00;0.00;0.00;569013.24;3183.88;439386.62;429974.17;0.00;19570.11;0.00;0.00;0.00;0.00;0.00;0.00;832627.57;0.00;0.00;0.00;2529437.15
abr/2013;0.00;0.00;337655.21;0.00;0.00;0.00;0.00;508649.45;0.00;274680.65;430259.18;0.00;50291.42;0.00;0.00;0.00;0.00;0.00;0.00;860094.78;0.00;0.00;0.00;2461630.69
may/2013;0.00;0.00;331393.56;0.00;0.00;0.00;0.00;181461.60;797.62;281823.20;532379.66;0.00;73024.85;0.00;0.00;180944.23;0.00;0.00;0.00;1202187.85;0.00;0.00;0.00;2784012.56
jun/2013;0.00;34302.05;365997.74;0.00;0.00;0.00;0.00;536847.17;1196.47;293808.60;284038.03;0.00;75416.48;0.00;0.00;167235.48;0.00;0.00;0.00;729711.88;0.00;0.00;0.00;2488553.89
jul/2013;0.00;0.00;113165.55;0.00;0.00;0.00;0.00;352909.02;795.59;259025.83;486075.06;0.00;60089.40;0.00;0.00;0.00;0.00;0.00;0.00;693160.50;0.00;0.00;0.00;1965220.95
ago/2013;0.00;0.00;405352.22;0.00;0.00;0.00;0.00;359346.00;3677.00;221433.20;347066.11;0.00;58972.06;0.00;0.00;146366.33;0.00;0.00;0.00;505133.44;0.00;0.00;0.00;2047346.36
sep/2013;0.00;305.00;172130.08;0.00;0.00;0.00;0.00;394985.89;0.00;300794.99;373303.31;0.00;83693.28;0.00;0.00;172152.59;0.00;0.00;0.00;803626.98;0.00;0.00;0.00;2300992.12
oct/2013;0.00;889.00;171722.79;0.00;0.00;0.00;0.00;415869.34;3626.98;281168.85;372946.33;0.00;133623.60;0.00;0.00;0.00;0.00;0.00;0.00;980327.98;0.00;0.00;0.00;2360174.87
nov/2013;0.00;152.00;202139.43;0.00;0.00;0.00;0.00;425669.24;797.21;390941.15;496029.72;0.00;5319.12;0.00;0.00;169752.50;0.00;0.00;0.00;903218.47;0.00;0.00;0.00;2594018.83
dic/2013;0.00;152.00;150330.46;0.00;0.00;0.00;0.00;452414.08;0.00;210096.78;358799.64;0.00;98883.10;0.00;0.00;0.00;0.00;0.00;0.00;791698.89;0.00;0.00;0.00;2062374.95
ene/2014;0.00;2238.00;117010.52;0.00;0.00;0.00;0.00;371888.73;1465.00;487880.79;457365.46;0.00;109091.19;0.00;0.00;149806.14;0.00;0.00;0.00;1595698.56;0.00;0.00;0.00;3292444.39
feb/2014;0.00;6093.80;116368.88;0.00;0.00;0.00;0.00;336845.19;0.00;312423.86;455726.06;0.00;80162.42;0.00;0.00;0.00;0.00;0.00;0.00;688703.18;0.00;0.00;0.00;1996323.39
mar/2014;0.00;639.00;407270.41;0.00;0.00;0.00;0.00;358755.83;3392.28;472437.63;582572.93;0.00;46120.40;0.00;0.00;330016.67;0.00;0.00;0.00;1147182.50;0.00;0.00;0.00;3348387.65
abr/2014;0.00;2349.70;332419.30;0.00;0.00;0.00;0.00;466766.95;1570.10;207049.00;270302.22;0.00;72947.78;0.00;0.00;6993.03;0.00;0.00;0.00;845051.33;0.00;0.00;0.00;2205449.41
may/2014;0.00;2000.03;246105.20;0.00;0.00;0.00;0.00;554784.32;4644.98;417767.24;563319.79;0.00;175257.51;0.00;0.00;327251.71;0.00;0.00;0.00;1008148.07;0.00;0.00;0.00;3299278.85
jun/2014;0.00;5469.60;286478.99;0.00;0.00;0.00;0.00;359135.62;0.00;247114.99;404603.55;0.00;67873.76;0.00;0.00;0.00;0.00;0.00;0.00;694920.68;0.00;0.00;0.00;2065597.19
jul/2014;0.00;3399.70;167316.42;0.00;0.00;0.00;0.00;417570.34;0.00;454196.13;558403.41;0.00;66309.97;0.00;0.00;0.00;0.00;0.00;0.00;845875.86;0.00;0.00;0.00;2513071.83
ago/2014;0.00;1736.40;477014.48;0.00;0.00;0.00;0.00;416068.30;356.60;305285.53;398563.48;0.00;170401.29;0.00;0.00;151264.47;0.00;0.00;0.00;760353.37;0.00;0.00;0.00;2681043.91
sep/2014;0.00;2799.10;368203.04;0.00;0.00;0.00;0.00;408998.93;358.60;378741.56;547486.22;0.00;13079.90;0.00;0.00;0.00;0.00;0.00;0.00;598145.89;0.00;0.00;0.00;2317813.24
oct/2014;0.00;3367.86;230129.08;0.00;0.00;0.00;0.00;314868.89;4466.90;256340.49;379572.07;0.00;20828.70;0.00;0.00;161718.04;0.00;0.00;0.00;762763.24;0.00;0.00;0.00;2134055.27
nov/2014;0.00;4294.61;243197.44;0.00;0.00;0.00;0.00;487343.72;0.00;372809.93;533524.40;0.00;79078.42;0.00;0.00;0.00;0.00;0.00;0.00;1033873.16;0.00;0.00;0.00;2754121.68
dic/2014;0.00;48364.50;91348.40;0.00;0.00;0.00;0.00;380185.96;27979.07;491072.11;583081.57;0.00;124619.87;0.00;0.00;152365.73;0.00;0.00;0.00;1004032.65;0.00;0.00;0.00;2903049.86
ene/2015;0.00;142.90;245584.89;0.00;0.00;0.00;0.00;523352.31;0.00;371420.59;471973.30;0.00;19111.30;0.00;0.00;148594.27;0.00;0.00;0.00;1324421.96;0.00;0.00;0.00;3104601.52
feb/2015;0.00;3349.05;162224.95;0.00;0.00;0.00;0.00;421268.22;0.00;548714.53;664315.85;0.00;170853.82;0.00;0.00;0.00;0.00;0.00;0.00;955286.02;0.00;0.00;0.00;2926012.44
mar/2015;0.00;8319.11;280843.31;0.00;0.00;0.00;0.00;497168.60;0.00;453536.19;622883.10;0.00;90955.77;0.00;0.00;164423.33;0.00;0.00;0.00;1164885.97;0.00;0.00;0.00;3283015.37
abr/2015;0.00;15358.33;304405.66;0.00;0.00;0.00;0.00;519603.84;0.00;537064.59;599558.55;0.00;108382.50;0.00;0.00;0.00;0.00;0.00;0.00;1130870.79;0.00;0.00;0.00;3215244.26
may/2015;0.00;33380.56;375606.55;0.00;0.00;0.00;0.00;415890.34;0.00;534049.28;618319.21;0.00;58745.67;0.00;0.00;163409.40;0.00;0.00;0.00;954782.75;0.00;0.00;0.00;3154183.76
jun/2015;0.00;10275.34;336491.48;0.00;0.00;0.00;0.00;526358.48;0.00;394824.33;525280.85;0.00;100499.13;0.00;0.00;162807.81;0.00;0.00;0.00;862071.77;0.00;0.00;0.00;2918609.19
jul/2015;0.00;2723.80;235587.32;0.00;0.00;0.00;0.00;411971.43;0.00;519374.15;616269.01;0.00;123496.73;0.00;0.00;0.00;0.00;0.00;0.00;1149630.43;0.00;0.00;0.00;3059052.87
ago/2015;0.00;3047.60;348192.53;0.00;0.00;0.00;0.00;561563.81;0.00;328552.07;467373.13;0.00;119764.65;0.00;0.00;165284.13;0.00;0.00;0.00;919285.90;0.00;0.00;0.00;2913063.82
sep/2015;0.00;74.88;513707.26;0.00;0.00;0.00;0.00;480268.89;0.00;485906.49;576250.29;0.00;147445.06;0.00;0.00;0.00;0.00;0.00;0.00;754068.77;0.00;0.00;0.00;2957721.64
oct/2015;0.00;571.40;250054.86;0.00;0.00;0.00;0.00;423239.36;11536.58;432666.75;533620.64;0.00;135724.25;0.00;0.00;148515.29;0.00;0.00;0.00;1163425.95;0.00;0.00;0.00;3099355.08
nov/2015;0.00;11175.83;263741.40;0.00;0.00;0.00;0.00;637316.48;0.00;574547.76;724273.97;0.00;184093.93;0.00;0.00;0.00;0.00;0.00;0.00;904700.42;0.00;0.00;0.00;3299849.79
dic/2015;0.00;640.37;208710.54;0.00;0.00;0.00;0.00;500684.29;0.00;319329.71;498798.79;0.00;116266.75;0.00;0.00;148507.37;0.00;0.00;0.00;1113876.28;0.00;0.00;0.00;2906814.10
ene/2016;0.00;27449.20;178437.60;0.00;104377.60;0.00;0.00;748970.64;0.00;546876.54;729211.43;0.00;16000.00;0.00;0.00;162512.74;0.00;0.00;0.00;987507.78;0.00;0.00;0.00;3501343.52
feb/2016;0.00;0.00;370085.96;0.00;117800.10;0.00;0.00;287337.74;0.00;424074.81;405559.45;0.00;24900.00;0.00;0.00;0.00;0.00;0.00;0.00;1167227.96;0.00;0.00;0.00;2796986.02
mar/2016;0.00;2716.52;264193.10;0.00;111203.62;0.00;0.00;504451.07;25081.90;508542.18;771024.11;0.00;13000.00;0.00;0.00;181497.47;0.00;0.00;0.00;1498844.95;0.00;0.00;0.00;3880554.92
abr/2016;0.00;4428.60;269518.34;0.00;59681.73;0.00;0.00;587482.69;0.00;527083.64;502728.88;0.00;16000.00;0.00;0.00;161331.89;0.00;0.00;0.00;1137213.10;0.00;0.00;0.00;3265468.87
may/2016;0.00;1714.30;495459.41;0.00;97343.58;0.00;0.00;416912.47;0.00;528347.81;615900.31;0.00;19000.00;0.00;0.00;0.00;0.00;0.00;0.00;1035544.08;0.00;0.00;0.00;3210221.96
jun/2016;0.00;2142.90;400963.62;0.00;81862.33;0.00;0.00;703319.23;0.00;397477.40;502082.45;0.00;16000.00;0.00;0.00;0.00;0.00;0.00;0.00;800222.53;0.00;0.00;0.00;2904070.46
jul/2016;0.00;0.00;127905.46;0.00;108804.20;0.00;0.00;455823.14;0.00;526652.73;618366.10;0.00;22000.00;0.00;0.00;181500.00;0.00;0.00;0.00;859222.62;0.00;0.00;0.00;2900274.25
ago/2016;0.00;428.60;246976.30;0.00;147462.11;0.00;0.00;588310.54;285.00;512202.57;625218.90;0.00;20000.00;0.00;0.00;181492.85;0.00;0.00;0.00;701185.75;0.00;0.00;0.00;3023562.62
sep/2016;0.00;1571.40;188931.32;0.00;94858.75;0.00;0.00;306543.41;0.00;567786.57;677892.97;0.00;17000.00;0.00;0.00;0.00;0.00;0.00;0.00;1274128.31;0.00;0.00;0.00;3128712.73
oct/2016;0.00;1428.60;62511.80;0.00;81839.62;0.00;0.00;717388.57;0.00;455850.76;546154.65;0.00;26173.00;0.00;0.00;0.00;0.00;0.00;0.00;927923.50;0.00;0.00;0.00;2819270.50
nov/2016;0.00;4142.90;304552.31;0.00;95032.90;0.00;0.00;505975.98;6444.20;476784.16;725548.16;0.00;13197.00;0.00;0.00;165005.50;0.00;0.00;0.00;957656.05;0.00;0.00;0.00;3254339.16
dic/2016;0.00;3857.00;306550.77;0.00;158719.36;0.00;0.00;584807.19;0.00;473659.59;526573.96;0.00;31039.20;0.00;0.00;160560.68;0.00;0.00;0.00;1303735.78;0.00;0.00;0.00;3549503.52
ene/2017;0.00;3190.00;213661.50;0.00;33917.24;0.00;0.00;567345.82;0.00;527564.90;748233.58;0.00;0.00;0.00;0.00;0.00;0.00;0.00;72.29;842993.49;0.00;0.00;0.00;2936978.82
feb/2017;0.00;714.30;72649.78;0.00;152952.20;0.00;0.00;279527.23;21844.81;469140.06;497707.41;0.00;1040.00;0.00;0.00;0.00;0.00;0.00;0.00;844676.98;0.00;0.00;0.00;2340252.77
mar/2017;0.00;3142.90;376955.72;0.00;75312.22;0.00;0.00;780048.59;3505.27;608144.98;734984.24;0.00;0.00;0.00;0.00;388055.94;0.00;0.00;72.29;1351787.92;0.00;0.00;0.00;4322010.07
abr/2017;0.00;1285.71;106518.75;0.00;154934.13;0.00;0.00;530578.14;508.27;681303.11;632843.41;0.00;0.00;0.00;0.00;404822.98;0.00;0.00;72.29;1406022.43;0.00;0.00;0.00;3918889.22
may/2017;0.00;1285.71;160374.50;0.00;105375.23;0.00;0.00;604702.55;3193.64;386088.18;442311.09;0.00;0.00;0.00;0.00;0.00;0.00;0.00;72.29;889926.86;0.00;0.00;0.00;2593330.05
jun/2017;0.00;1428.57;191218.23;0.00;48933.84;0.00;0.00;487244.19;367.94;519389.66;582374.34;0.00;0.00;0.00;0.00;182141.85;0.00;0.00;72.29;902659.00;0.00;0.00;0.00;2915829.91
jul/2017;0.00;1857.14;85356.63;0.00;54997.21;0.00;0.00;510428.14;0.00;433026.08;769214.06;0.00;0.00;0.00;0.00;0.00;0.00;0.00;0.00;994338.30;0.00;0.00;0.00;2849217.56
ago/2017;0.00;3269.86;44448.27;0.00;76542.18;0.00;0.00;538582.14;666.23;592103.31;607368.72;0.00;0.00;0.00;0.00;583079.69;0.00;0.00;144.57;846696.35;0.00;0.00;0.00;3292901.32
sep/2017;0.00;3857.14;218358.99;0.00;125724.44;0.00;0.00;350294.57;0.00;316435.22;401678.98;0.00;0.00;0.00;0.00;0.00;0.00;0.00;72.29;925397.87;0.00;0.00;0.00;2341819.50
oct/2017;0.00;5286.19;219812.14;0.00;132304.57;0.00;0.00;584709.61;6925.95;574073.61;657241.76;0.00;0.00;0.00;0.00;167584.01;0.00;0.00;0.00;740198.57;0.00;0.00;0.00;3088136.41
nov/2017;0.00;10880.53;127575.05;0.00;24435.17;0.00;0.00;935986.51;0.00;434963.36;504247.31;0.00;0.00;0.00;0.00;0.00;0.00;0.00;72.29;1135350.10;0.00;0.00;0.00;3173510.32
dic/2017;0.00;3150.02;56960.00;0.00;80037.74;0.00;0.00;595421.43;4729.14;679441.47;803216.88;0.00;0.00;0.00;0.00;155599.02;0.00;0.00;72.29;1305047.55;0.00;0.00;0.00;3683675.54
ene/2018;0.00;5302.14;134033.14;0.00;92894.94;1153831.89;21987.53;396363.05;0.00;571858.06;535784.70;0.00;0.00;0.00;0.00;0.00;0.00;0.00;78.78;0.00;0.00;0.00;0.00;2912134.23
feb/2018;0.00;3721.91;85318.21;0.00;52337.76;921684.12;29946.48;591000.02;0.00;509366.10;629467.91;0.00;0.00;0.00;0.00;407070.30;0.00;0.00;0.37;0.00;0.00;0.00;0.00;3229913.18
mar/2018;0.00;6182.35;84988.82;0.00;23906.14;889227.10;12064.95;644245.40;15747.16;563899.06;529507.15;0.00;0.00;0.00;0.00;418762.45;0.00;0.00;74.03;0.00;0.00;0.00;0.00;3188604.61
abr/2018;0.00;1877.72;219805.45;0.00;70906.87;696962.77;0.00;188590.81;0.00;510830.00;617512.28;0.00;0.00;0.00;0.00;0.00;0.00;0.00;72.29;0.00;0.00;0.00;0.00;2306558.19
may/2018;0.00;4300.00;111460.41;0.00;72992.51;1592580.34;38055.30;636234.13;0.00;580825.11;580329.35;0.00;0.00;0.00;0.00;327075.21;0.00;0.00;6.96;0.00;0.00;0.00;0.00;3943859.32
jun/2018;0.00;6413.00;130426.60;0.00;34249.65;777679.91;0.00;618811.33;21208.26;463620.61;558257.59;0.00;1000.00;0.00;0.00;0.00;0.00;0.00;144.57;0.00;0.00;0.00;0.00;2611811.52
jul/2018;0.00;8518.71;148012.12;0.00;40811.00;793683.41;0.00;584386.15;4005.99;543333.77;784601.77;0.00;0.00;0.00;0.00;385600.49;0.00;0.00;5.84;0.00;0.00;0.00;0.00;3292959.25
ago/2018;0.00;3434.71;214625.41;0.00;81985.47;1281364.78;0.00;408658.63;20437.54;663834.04;541557.34;0.00;0.00;0.00;0.00;0.00;0.00;0.00;74.63;0.00;0.00;0.00;0.00;3215972.55
sep/2018;0.00;4473.29;26753.84;0.00;94980.04;896266.43;0.00;449846.76;18379.30;454442.87;536897.09;0.00;0.00;0.00;0.00;406985.43;0.00;0.00;0.00;0.00;0.00;0.00;0.00;2889025.05
oct/2018;0.00;4285.71;150085.74;0.00;55219.75;992682.04;6049.00;600230.45;2395.30;726044.35;663440.34;0.00;0.00;0.00;0.00;418296.61;0.00;0.00;74.94;0.00;0.00;0.00;0.00;3618804.23
nov/2018;0.00;2584.71;65312.15;0.00;52310.24;899588.34;39035.84;598626.16;0.00;534084.49;509382.86;0.00;0.00;0.00;0.00;244787.00;0.00;0.00;73.85;0.00;0.00;0.00;0.00;2945785.64
dic/2018;0.00;2588.13;84669.38;0.00;87868.41;792198.66;0.00;614887.00;0.00;535639.97;631652.56;0.00;0.00;0.00;0.00;438155.24;0.00;0.00;83.27;0.00;0.00;0.00;0.00;3187742.62
ene/2019;16541.30;3058.43;196719.10;334.00;59152.84;1195728.20;0.00;414086.12;15399.57;702923.37;684504.84;585.91;0.00;475.49;350.92;208276.69;0.00;7282.59;0.41;0.00;0.00;0.00;0.00;3505419.78
feb/2019;21619.99;8794.74;100485.14;307.60;101570.62;1208476.16;0.00;460518.80;1801.96;469437.28;521555.38;545.97;0.00;1911.93;342.55;279583.39;0.00;11978.35;144.57;0.00;0.00;0.00;0.00;3189074.42
mar/2019;17980.15;10715.12;109888.23;426.69;118678.80;1550052.84;0.00;384425.56;0.00;678145.38;704276.53;996.49;0.00;2170.21;0.00;256490.00;0.00;4717.69;80.58;0.00;0.00;0.00;0.00;3839044.27
abr/2019;17450.33;3114.36;280702.33;512.67;76765.06;1215209.05;39866.57;670633.92;14371.63;867761.34;656495.95;477.01;0.00;1944.32;0.00;276252.72;0.00;5112.74;147.59;0.00;0.00;0.00;0.00;4126817.59
may/2019;22195.29;6650.62;103315.20;171.98;59987.32;1011872.87;0.00;623466.22;0.00;596798.22;568128.41;489.43;0.00;2658.48;0.00;485520.18;0.00;6263.91;82.01;0.00;0.00;0.00;0.00;3487600.14
jun/2019;22041.50;4484.73;346048.30;507.79;68548.57;1029100.90;0.00;612732.27;13290.50;712731.80;629788.43;225.87;0.00;0.00;0.00;256057.52;0.00;9967.36;0.00;0.00;0.00;0.00;0.00;3705525.54
jul/2019;20059.59;19590.13;13652.90;202.29;63368.64;1056569.11;0.00;667486.78;0.00;531577.64;516273.85;117.68;0.00;3134.83;0.00;0.00;0.00;9079.17;75.79;0.00;0.00;0.00;0.00;2901188.41
ago/2019;19268.71;9374.15;141908.64;404.40;75962.03;1167556.89;0.00;586430.65;0.00;896841.31;713859.98;176.82;0.00;952.38;0.00;0.00;0.00;3968.23;7.34;0.00;0.00;0.00;0.00;3616711.53
sep/2019;17011.47;5473.85;108983.70;557.90;58060.40;717490.02;7551.05;850778.21;0.00;518043.68;491194.71;348.21;0.00;166.67;340.10;212326.74;0.00;8867.90;79.33;0.00;0.00;0.00;0.00;2997273.94
oct/2019;19109.12;10751.21;95514.49;107.93;43064.61;1160570.85;35005.92;225207.04;0.00;712672.38;691407.73;115.83;0.00;2499.43;0.00;525400.00;0.00;7671.02;1.09;0.00;0.00;0.00;0.00;3529098.65
nov/2019;16108.61;6971.48;84414.64;427.50;56475.66;1122990.69;0.00;610868.12;2070.48;791039.02;658706.42;320.44;0.00;2579.15;0.00;0.00;0.00;13551.90;149.09;0.00;0.00;0.00;0.00;3366673.20
dic/2019;27097.05;5682.60;164276.76;434.83;39148.46;1098972.39;0.00;600003.85;0.00;731012.24;797580.75;313.80;39972.88;2899.75;0.00;245057.00;0.00;7373.88;13.01;0.00;0.00;0.00;0.00;3759839.25
ene/2020;19015.04;4205.43;8484.76;596.33;64745.40;999181.20;34013.75;715600.32;0.00;629414.90;573220.63;721.04;0.00;1647.63;0.00;0.00;0.00;9005.37;148.95;0.00;0.00;0.00;0.00;3060000.75
feb/2020;21047.21;5960.00;158888.73;237.16;71115.46;1237018.37;12300.92;451331.70;23690.30;741509.07;611314.13;177.68;0.00;2607.12;0.00;849463.41;0.00;8881.49;0.00;0.00;0.00;0.00;0.00;4195542.75
mar/2020;22930.96;3351.04;262105.89;920.12;116115.40;1367335.14;1991.32;643278.89;0.00;735491.29;809640.18;590.64;0.00;1267.79;0.00;249651.49;0.00;10977.78;0.00;0.00;0.00;0.00;0.00;4225647.93
abr/2020;21591.95;2443.86;195126.19;756.32;0.00;834366.52;0.00;510349.93;288.62;329134.18;453153.09;363.63;0.00;0.00;0.00;0.00;0.00;6952.78;144.57;0.00;0.00;0.00;0.00;2354671.64
may/2020;16064.15;5300.00;77729.35;396.85;0.00;691066.44;2997.10;616381.45;0.00;415805.82;170292.50;507.39;0.00;0.00;0.00;231418.00;0.00;6147.08;72.29;0.00;0.00;0.00;0.00;2234178.42
jun/2020;15086.16;5451.00;126935.72;280.40;18372.88;1066148.05;48945.91;467664.76;0.00;683322.72;415672.19;364.94;0.00;0.00;259.99;241228.00;0.00;9716.36;0.00;0.00;0.00;0.00;0.00;3099449.08
jul/2020;24023.78;4142.86;95456.23;0.00;29742.42;779930.57;0.00;675337.54;0.00;451717.75;347541.59;311.23;0.00;0.00;247.67;602780.29;0.00;7703.40;72.29;0.00;0.00;0.00;0.00;3019007.62
ago/2020;18020.13;3118.87;60562.44;524.40;46730.75;791258.19;7998.76;634320.07;0.00;547899.55;414416.34;393.75;0.00;0.00;1.14;0.00;0.00;4201.86;72.29;0.00;0.00;0.00;0.00;2529518.54
sep/2020;18803.77;579.76;28529.93;0.00;0.00;1021360.83;0.00;315527.09;2261.75;591799.83;563742.50;329.23;0.00;356.40;0.00;351581.75;0.00;19486.30;72.29;0.00;0.00;0.00;0.00;2914431.43
oct/2020;25940.04;4594.86;170477.00;519.98;22389.55;891340.69;0.00;960840.53;0.00;861840.54;733692.01;369.36;0.00;0.00;0.38;0.00;0.00;6118.08;72.86;0.00;0.00;0.00;0.00;3678195.88
nov/2020;24172.72;2720.06;160324.99;339.00;26211.17;1152909.51;44596.07;328603.13;708.35;696600.14;570262.17;388.25;0.00;933.81;60.00;357873.68;0.00;24501.43;0.00;0.00;0.00;0.00;0.00;3391204.48
dic/2020;24292.17;4862.74;105609.42;287.36;36051.00;1050560.83;0.00;684160.08;176.69;780347.28;777450.55;668.76;0.00;1116.47;7.67;281577.99;0.00;10024.51;144.57;0.00;0.00;0.00;0.00;3757338.09
ene/2021;32297.51;2857.14;74116.04;158.88;34039.29;1185644.96;1499.38;475619.49;0.00;626537.48;642652.37;559.25;0.00;285.71;0.00;360218.54;0.00;13170.43;0.00;0.00;0.00;0.00;0.00;3449656.47
feb/2021;25775.47;2944.55;90475.23;597.30;36199.22;1076824.67;1203.34;617783.16;0.00;715261.34;726508.78;469.36;0.00;1941.72;2.85;0.00;0.00;14072.44;0.00;0.00;0.00;0.00;0.00;3310059.43
mar/2021;39423.46;2766.58;219041.83;329.90;44504.81;1345110.18;13415.05;549815.26;22193.67;772750.01;850334.64;512.05;0.00;1543.65;48.00;232451.50;0.00;3701.67;0.00;0.00;0.00;0.00;0.00;4097942.26
abr/2021;34386.10;2373.03;134271.99;331.40;60378.83;1250171.58;39568.59;664443.94;0.00;634408.89;1227173.53;944.87;0.00;1008.98;0.00;0.00;191.00;18400.35;0.00;0.00;0.00;0.00;0.00;4068053.08
may/2021;46934.14;4002.38;70289.08;907.08;34196.00;1279017.24;0.00;678501.06;0.00;669085.78;649783.14;278.79;0.00;1689.58;3.40;554574.24;0.00;22306.42;0.00;0.00;0.00;0.00;0.00;4011568.33
jun/2021;29240.60;2746.31;222211.83;418.00;72527.45;1440106.47;1489.69;466658.55;0.00;833544.64;623695.20;407.59;0.00;1762.73;1.56;0.00;937.08;4781.62;0.00;0.00;0.00;0.00;0.00;3700529.32
jul/2021;35080.77;3825.70;37527.59;474.40;53322.76;1110409.53;23256.67;665263.10;0.00;833732.31;689717.29;204.15;0.00;1315.27;0.00;274703.81;1801.91;14357.33;0.00;0.00;0.00;0.00;0.00;3744992.59
ago/2021;28578.20;2714.29;105776.21;59.00;47443.21;1175960.64;1888.95;746002.48;3390.96;664522.74;685977.45;236.64;0.00;1237.75;0.00;585160.46;0.00;7124.19;0.00;0.00;0.00;0.00;0.00;4056073.17
sep/2021;25507.27;2285.90;107267.84;243.60;38914.43;896539.24;0.00;689829.47;0.00;844430.03;646233.31;342.49;0.00;1669.70;28.00;215709.34;0.00;1993.73;0.00;0.00;0.00;0.00;0.00;3470994.35
oct/2021;21800.64;5087.46;160474.20;764.35;93077.24;1542473.57;41348.99;696346.90;0.00;522701.11;589405.56;229.98;0.00;2395.35;1.51;259087.00;0.00;5945.58;0.00;0.00;0.00;0.00;0.00;3941139.44
nov/2021;27112.87;5428.57;70030.27;310.23;39207.43;1029780.80;0.00;524186.50;1731.86;692267.31;623392.63;340.01;0.00;887.73;162.26;263869.47;0.00;21329.70;0.00;0.00;0.00;0.00;0.00;3300037.64
dic/2021;25260.10;4503.81;208358.64;279.14;80357.56;1294042.31;0.00;679415.09;0.00;785313.56;640981.15;266.64;0.00;2212.32;1.04;264644.14;0.00;18835.04;0.00;0.00;0.00;0.00;0.00;4004470.54
ene/2022;23369.81;3714.29;88967.71;429.11;45177.60;1438571.28;4000.00;657185.74;24251.44;848902.97;947226.27;6903.32;0.00;2669.51;1.59;579700.89;1014.29;799.03;0.00;0.00;0.00;0.00;0.00;4672884.85
feb/2022;30737.35;5046.42;75860.50;690.84;49143.86;1217495.31;0.00;673218.30;0.00;723925.74;673653.80;1611.78;0.00;1836.51;0.07;524685.89;1005.96;13256.25;0.00;0.00;0.00;0.00;0.00;3992168.58
mar/2022;30889.18;5247.62;166928.38;255.31;101583.78;1246975.12;15098.98;713553.44;1845.88;772406.10;592318.21;9837.36;0.00;3969.56;360.06;882244.12;4115.91;4104.41;0.00;0.00;0.00;0.00;0.00;4551733.41
abr/2022;29981.76;2333.68;307291.31;412.19;56182.73;1284453.73;4034.55;693964.40;0.00;906104.05;493958.32;5125.91;0.00;2433.83;414.41;527111.79;0.00;1454.76;0.00;0.00;0.00;0.00;0.00;4315257.42
may/2022;35466.49;5298.67;73435.94;403.17;62999.86;1306786.77;9040.11;667272.19;0.00;762776.12;663348.94;8044.94;0.00;1417.46;513.83;245972.00;0.00;13787.34;0.00;0.00;0.00;0.00;0.00;3856563.83
jun/2022;34937.44;5571.42;196263.91;395.85;99190.10;1032070.53;24651.72;265773.77;0.00;641348.46;556311.96;1734.67;0.00;2124.98;0.50;527653.40;828.70;6741.23;0.00;0.00;0.00;0.00;0.00;3395598.64
jul/2022;27423.74;5231.10;86469.36;286.00;55357.83;1116548.97;25727.21;717652.72;1301.96;987872.05;611115.01;4282.76;0.00;2724.66;256.92;0.00;1604.92;10938.76;0.00;0.00;0.00;0.00;0.00;3654793.97
ago/2022;28517.52;7714.29;83286.94;25.71;84499.18;1299910.96;0.00;735253.72;13624.43;657942.72;378627.69;3960.93;0.00;2319.45;0.00;872599.58;2090.11;11961.93;0.00;0.00;0.00;0.00;0.00;4182335.16
sep/2022;22099.26;9110.51;155992.58;13.10;41793.59;1077517.90;4983.86;421303.21;529.05;869579.64;551589.72;7431.40;0.00;3425.97;0.00;0.00;2264.37;863.08;0.00;0.00;0.00;0.00;0.00;3168497.23
oct/2022;22298.63;5157.50;57422.20;510.38;95299.93;980527.08;11260.59;717849.25;0.00;718920.20;529832.42;5039.05;0.00;2665.57;1.26;771601.46;1255.96;11141.07;0.00;0.00;0.00;0.00;0.00;3930782.55
nov/2022;22426.83;7548.75;155269.41;0.00;55258.65;1136760.55;9941.91;691237.42;0.00;754135.86;595870.42;9769.41;0.00;2338.28;43.09;684517.29;1431.00;15257.34;0.00;0.00;0.00;0.00;0.00;4141806.21
dic/2022;23211.02;8157.14;223806.31;13.00;60626.66;1082107.64;9888.12;671444.61;2335.55;841323.98;602458.30;8196.94;0.00;2710.39;380.64;275120.84;0.00;1843.78;0.00;0.00;0.00;0.00;0.00;3813624.91
ene/2023;25028.49;11654.23;132458.17;7.86;65808.97;1442099.08;45074.97;497780.69;0.00;909391.13;578792.14;2240.05;0.00;3247.22;6.32;0.00;215.00;4491.66;0.00;0.00;0.00;0.00;0.00;3718295.98
feb/2023;23565.09;16542.56;123451.93;152.00;154166.84;1267967.39;0.00;652984.71;24776.42;725101.20;685183.06;288.59;0.00;2439.59;248.44;870158.29;212.90;21630.09;0.00;0.00;0.00;0.00;0.00;4568869.10
mar/2023;30789.61;13751.26;149590.82;;66515.19;1317519.91;4985.21;711978.35;0.00;803262.67;633849.05;497.50;0.00;4212.34;330.59;249231.00;1474.00;12599.78;0.00;0.00;0.00;0.00;0.00;4000587.28
abr/2023;26953.86;28162.91;134010.55;86.43;123298.87;1417182.73;21503.98;647666.30;1840.46;922032.39;572201.36;386.21;0.00;1713.96;40.00;0.00;1811.06;19941.64;0.00;0.00;0.00;0.00;0.00;3918832.71
may/2023;31785.11;27251.87;234819.33;6.00;94150.63;1428099.62;15047.82;713348.99;0.00;947633.29;668478.73;623.67;0.00;2727.50;260.39;525292.80;621.00;16858.33;0.00;0.00;0.00;0.00;0.00;4707005.08
jun/2023;23463.06;24002.61;328622.59;84.53;71657.93;1278824.18;0.00;285817.78;353.12;831466.44;639685.80;452.32;0.00;2389.65;40.00;260737.00;403.00;6274.03;0.00;0.00;0.00;0.00;0.00;3754274.04
jul/2023;31118.10;18629.80;296415.77;97.67;74719.21;1113086.84;0.00;1077122.75;0.00;830098.86;562498.09;70.83;0.00;3254.81;298.47;614753.75;3015.00;24765.01;0.00;0.00;0.00;0.00;0.00;4649944.96
ago/2023;29629.50;8705.86;172072.23;137.81;81075.68;1075379.76;5059.90;274973.63;0.00;801621.75;669240.21;477.65;0.00;1993.96;390.82;534677.81;0.00;14962.51;0.00;0.00;0.00;0.00;0.00;3670399.08
sep/2023;26932.62;13642.58;67022.82;351.88;99197.26;1242719.42;25049.60;591711.91;2780.09;762592.30;586145.30;425.20;0.00;2602.92;253.04;259958.00;2226.00;7065.47;0.00;0.00;0.00;0.00;0.00;3690676.41
oct/2023;25719.44;7680.11;115876.52;55.00;52257.83;834686.02;5027.17;673581.15;7202.70;928439.18;652149.45;10.14;0.00;2438.05;40.19;395893.00;632.00;15084.52;0.00;0.00;0.00;0.00;0.00;3716772.47
nov/2023;27025.85;11353.21;146036.20;6.86;72479.40;1348739.16;19959.80;578797.45;0.00;839290.02;682060.84;656.66;0.00;2742.53;80.35;505238.39;3715.00;11089.62;0.00;0.00;0.00;0.00;0.00;4249271.34
dic/2023;26971.61;9898.92;325555.62;13.31;104724.64;1509634.28;22953.87;692182.03;2777.45;763754.27;571924.92;202.91;0.00;1600.66;0.12;596212.63;3190.00;21033.99;0.00;0.00;0.00;0.00;0.00;4652631.23
ene/2024;26693.78;7837.29;99680.22;105.62;101415.50;1409097.15;6710.98;701570.80;0.00;914133.32;712333.33;332.39;0.00;2879.59;123.60;264918.62;0.00;15383.87;0.00;0.00;0.00;0.00;0.00;4263216.06
feb/2024;21374.61;5313.11;143951.95;95.09;87352.10;1236861.75;4639.33;916541.70;5978.37;740662.25;650360.11;280.11;0.00;3041.20;80.00;534021.57;2057.00;24524.03;0.00;0.00;0.00;0.00;0.00;4377134.28
mar/2024;27993.04;5633.41;163119.06;0.00;105710.45;1477038.00;5007.48;675157.48;0.00;838270.93;620077.74;320.67;0.00;2205.73;263.28;523701.86;2869.00;3782.28;0.00;0.00;0.00;0.00;0.00;4451150.41
abr/2024;37444.60;7990.99;77253.65;33.52;85752.17;1294706.12;0.00;473940.66;3351.23;886132.77;687017.96;1094.83;0.00;2980.98;40.00;0.00;7802.00;23555.38;0.00;0.00;0.00;0.00;0.00;3589096.86
may/2024;31035.55;10483.78;544682.15;91.83;94606.00;1470870.09;0.00;684864.46;0.00;939656.18;696970.30;212.24;0.00;2678.22;242.22;518800.00;3845.00;14929.21;0.00;0.00;0.00;0.00;0.00;5013967.23
